--
-- PostgreSQL database dump
--

-- Dumped from database version 16.9 (Ubuntu 16.9-0ubuntu0.24.04.1)
-- Dumped by pg_dump version 16.9 (Ubuntu 16.9-0ubuntu0.24.04.1)

SET statement_timeout = 0;
SET lock_timeout = 0;
SET idle_in_transaction_session_timeout = 0;
SET client_encoding = 'UTF8';
SET standard_conforming_strings = on;
SELECT pg_catalog.set_config('search_path', '', false);
SET check_function_bodies = false;
SET xmloption = content;
SET client_min_messages = warning;
SET row_security = off;

--
-- Data for Name: Institution; Type: TABLE DATA; Schema: public; Owner: postgres
--

INSERT INTO public."Institution" VALUES ('cmd059ion0000e6d85kexfukl', 'TUME YA UTUMISHI SERIKALINI');
INSERT INTO public."Institution" VALUES ('cmd06nn7n0001e67w2h5rf86x', 'OFISI YA RAIS, FEDHA NA MIPANGO');
INSERT INTO public."Institution" VALUES ('cmd06nn7r0002e67w8df8thtn', 'WIZARA YA ELIMU NA MAFUNZO YA AMALI');
INSERT INTO public."Institution" VALUES ('cmd06nn7u0003e67wa4hiyie7', 'WIZARA YA AFYA');
INSERT INTO public."Institution" VALUES ('cmd06xe1x0000e6bqalx28nja', 'Ofisi ya Msajili wa Hazina');
INSERT INTO public."Institution" VALUES ('cmd06xe220001e6bqj26tnlsj', 'Ofisi ya Mkuu wa Mkoa wa Kusini Unguja');
INSERT INTO public."Institution" VALUES ('cmd06xe250002e6bqp8aabk92', 'Wakala wa Vipimo Zanzibar');
INSERT INTO public."Institution" VALUES ('cmd06xe270003e6bq0wm0v3c7', 'WIZARA YA MAENDELEO YA JAMII,JINSIA,WAZEE NA WATOTO');
INSERT INTO public."Institution" VALUES ('cmd06xe2a0004e6bqwbtjm4x9', 'KAMISHENI YA UTUMISHI WA UMMA');
INSERT INTO public."Institution" VALUES ('cmd06xe2c0005e6bqulk6iu8g', 'WAKALA WA SERIKALI MTANDAO (eGAZ)');
INSERT INTO public."Institution" VALUES ('cmd06xe2e0006e6bqvjfhq32c', 'OFISI YA MKAGUZI MKUU WA NDANI WA SERIKALI');
INSERT INTO public."Institution" VALUES ('cmd06xe2h0007e6bqta680e3b', 'Kamisheni ya Ardhi Zanzibar');
INSERT INTO public."Institution" VALUES ('cmd06xe2j0008e6bqqpmbs9bv', 'Ofisi ya Mhasibu Mkuu wa Serikali');
INSERT INTO public."Institution" VALUES ('cmd06xe2m0009e6bq0ps9u9ut', 'TAASISI YA NYARAKA NA KUMBUKUMBU');
INSERT INTO public."Institution" VALUES ('cmd06xe2o000ae6bquqbkbg4z', 'AFISI YA RAISI KAZI, UCHUMI NA UWEKEZAJI');
INSERT INTO public."Institution" VALUES ('cmd06xe2r000be6bqrqhwhbq1', 'KAMISHENI YA UTALII ZANZIBAR');
INSERT INTO public."Institution" VALUES ('cmd06xe2t000ce6bq2jxl6o5e', 'SEKRETARIETI YA AJIRA .');
INSERT INTO public."Institution" VALUES ('cmd06xe2w000de6bqzqo9qu3m', 'TAASISI YA ELIMU YA ZANZIBAR');
INSERT INTO public."Institution" VALUES ('cmd06xe2y000ee6bqel875c2s', 'KAMISHENI YA KUKABILIANA NA MAAFA ZANZIBAR');
INSERT INTO public."Institution" VALUES ('cmd06xe30000fe6bqe6ljiz1v', 'WAKALA WA MAJENGO ZANZIBAR');
INSERT INTO public."Institution" VALUES ('cmd06xe34000he6bqfdqiw9ll', 'WIZARA YA KILIMO UMWAGILIAJI MALIASILI NA MIFUGO');
INSERT INTO public."Institution" VALUES ('cmd06xe37000ie6bq43r62ea6', 'WIZARA YA UJENZI MAWASILIANO NA UCHUKUZI');
INSERT INTO public."Institution" VALUES ('cmd06xe39000je6bqeouszvrd', 'OFISI YA MAKAMO WA KWANZA WA RAISI');
INSERT INTO public."Institution" VALUES ('cmd06xe3b000ke6bqxuwovzub', 'WIZARA YA BIASHARA NA MAENDELEO YA VIWANDA');
INSERT INTO public."Institution" VALUES ('cmd06xe3e000le6bqscwfh5be', 'SEKRETARIETI YA AJIRA');
INSERT INTO public."Institution" VALUES ('cmd06xe3g000me6bqh9gabe3e', 'OFISI YA RAIS, TAWALA ZA MIKOA, SERIKALI ZA MITAA NA IDARA MAALUMU ZA SMZ');
INSERT INTO public."Institution" VALUES ('cmd06xe3i000ne6bq2q3y9g2z', 'OFISI YA RAIS - KATIBA SHERIA UTUMISHI NA UTAWALA BORA');
INSERT INTO public."Institution" VALUES ('cmd06xe3l000oe6bq5drrocqt', 'WIZARA YA HABARI, VIJANA, UTAMADUNI NA MICHEZO');
INSERT INTO public."Institution" VALUES ('cmd06xe3n000pe6bquce6e6ga', 'TUME YA UCHAGUZI YA ZANZIBAR');
INSERT INTO public."Institution" VALUES ('cmd06xe3p000qe6bqwqcuyke1', 'OFISI YA MAKAMO WA PILI WA RAISI');
INSERT INTO public."Institution" VALUES ('cmd06xe3r000re6bqum8g62id', 'WIZARA YA UCHUMI WA BULUU NA UVUVI');
INSERT INTO public."Institution" VALUES ('cmd06xe3t000se6bqknluakbq', 'OFISI YA MUFTI MKUU WA ZANZIBAR');
INSERT INTO public."Institution" VALUES ('cmd06xe3w000te6bqc44b0xpr', 'MAMLAKA YA KUZUIA RUSHWA NA UHUJUMU WA UCHUMI ZANZIBAR');
INSERT INTO public."Institution" VALUES ('cmd06xe3y000ue6bqzqkztrsa', 'WIZARA YA ARDHI NA MAENDELEO YA MAKAAZI ZANZIBAR');
INSERT INTO public."Institution" VALUES ('cmd06xe40000ve6bqrip9e4m6', 'WIZARA YA UTALII NA MAMBO YA KALE');
INSERT INTO public."Institution" VALUES ('cmd06xe43000we6bqegt3ofa0', 'OFISI YA RAIS - IKULU');
INSERT INTO public."Institution" VALUES ('cmd06xe45000xe6bqb6qc19ys', 'MAMLAKA YA KUDHIBITI NA KUPAMBANA NA DAWA ZA KULEVYA ZANZIBAR');
INSERT INTO public."Institution" VALUES ('cmd06xe48000ye6bqwhlp0tum', 'TUME YA MAADILI YA VIONGOZI WA UMMA');
INSERT INTO public."Institution" VALUES ('cmd06xe4b0010e6bqt54zkblq', 'AFISI YA MKURUGENZI WA MASHTAKA');
INSERT INTO public."Institution" VALUES ('cmd06xe4e0011e6bqv8eg0b16', 'AFISI YA MWANASHERIA MKUU');
INSERT INTO public."Institution" VALUES ('cmd06xe4g0012e6bqou5f9gur', 'WIZARA YA MAJI NISHATI NA MADINI');


--
-- Data for Name: Employee; Type: TABLE DATA; Schema: public; Owner: postgres
--

INSERT INTO public."Employee" VALUES ('emp_004', 'emp_entity_4', 'Mwanasha Saleh Omar', 'Female', 'https://placehold.co/150x150.png?text=MSO', '1986-10-06 21:00:00', 'Mkoani', 'Kusini Unguja', 'Tanzania', '1906900040', '0777-207026', 'P.O. Box 3536, Vitongoji, Zanzibar', 'ZSSF004', 'PAY0004', 'Afisa Muandamizi', 'ZPS 5.2', 'OFISI YA RAIS, FEDHA NA MIPANGO', 'Budget', 'Permanent', 'Full-time', '2006-05-04 21:00:00', 'Director of Budget', 'Head Office', '2006-05-04 21:00:00', '2007-05-04 21:00:00', '2046-10-06 21:00:00', 'Confirmed', 'https://placehold.co/ardhil-hali-4.pdf', 'https://placehold.co/confirmation-4.pdf', 'https://placehold.co/contract-4.pdf', 'https://placehold.co/birth-cert-4.pdf', 'cmd06nn7n0001e67w2h5rf86x');
INSERT INTO public."Employee" VALUES ('emp9', 'emp9_id', 'Yussuf Makame', 'Male', 'https://placehold.co/100x100.png?text=YM', '1982-07-10 00:00:00', 'Wete', 'Kaskazini Pemba', 'Tanzania', '123987654', '0777-999-111', 'P.O. Box 999, Wete, Pemba', 'ZSSF009', 'PAY009', 'Technical Officer', 'ZPS 4.5', 'Education and Vocational Training', 'Technical Services', 'Permanent', 'Full-time', '2019-06-01 00:00:00', 'Director of Technical Services', 'Technical Office', '2019-06-01 00:00:00', '2020-06-01 00:00:00', '2042-07-10 00:00:00', 'Confirmed', 'https://placehold.co/ardhil-hali-yussuf.pdf', 'https://placehold.co/confirmation-yussuf.pdf', 'https://placehold.co/job-contract-yussuf.pdf', 'https://placehold.co/birth-cert-yussuf.pdf', 'cmd06nn7r0002e67w8df8thtn');
INSERT INTO public."Employee" VALUES ('emp_001', 'emp_entity_1', 'Mwalimu Hassan Khamis', 'Male', 'https://placehold.co/150x150.png?text=MHK', '1987-08-02 21:00:00', 'Kizimbani', 'Kaskazini Unguja', 'Tanzania', '1905800010', '0777-757808', 'P.O. Box 3445, Wete, Zanzibar', 'ZSSF001', 'PAY0001', 'Principal Secretary', 'ZPS 8.1', 'OFISI YA RAIS, FEDHA NA MIPANGO', 'Administration', 'Permanent', 'Full-time', '2022-02-12 21:00:00', 'Director of Administration', 'Head Office', '2022-02-12 21:00:00', '2023-02-12 21:00:00', '2047-08-02 21:00:00', 'Confirmed', 'https://placehold.co/ardhil-hali-1.pdf', 'https://placehold.co/confirmation-1.pdf', 'https://placehold.co/contract-1.pdf', 'https://placehold.co/birth-cert-1.pdf', 'cmd06nn7n0001e67w2h5rf86x');
INSERT INTO public."Employee" VALUES ('emp8', 'emp8_id', 'Khadija Nassor', 'Female', 'https://placehold.co/100x100.png?text=KN', '1985-03-20 00:00:00', 'Stone Town', 'Mjini Magharibi', 'Tanzania', '987654321', '0777-888-999', 'P.O. Box 888, Stone Town, Zanzibar', 'ZSSF008', 'PAY008', 'Senior Manager', 'ZPS 5.1', 'Education and Vocational Training', 'Education', 'Permanent', 'Full-time', '2020-01-15 00:00:00', 'Director of Education', 'Education Office', '2020-01-15 00:00:00', '2021-01-15 00:00:00', '2045-03-20 00:00:00', 'Confirmed', 'https://placehold.co/ardhil-hali-khadija.pdf', 'https://placehold.co/confirmation-khadija.pdf', 'https://placehold.co/job-contract-khadija.pdf', 'https://placehold.co/birth-cert-khadija.pdf', 'cmd06nn7r0002e67w8df8thtn');
INSERT INTO public."Employee" VALUES ('emp_003', 'emp_entity_3', 'Said Juma Nassor', 'Male', 'https://placehold.co/150x150.png?text=SJN', '1970-08-27 21:00:00', 'Stone Town', 'Kaskazini Pemba', 'Tanzania', '1905850030', '0777-817032', 'P.O. Box 3765, Mkoani, Zanzibar', 'ZSSF003', 'PAY0003', 'Director of Finance', 'ZPS 6.1', 'OFISI YA RAIS, FEDHA NA MIPANGO', 'Finance', 'Permanent', 'Full-time', '2003-12-03 21:00:00', 'Director of Finance', 'Head Office', '2003-12-03 21:00:00', '2004-12-02 21:00:00', '2030-08-27 21:00:00', 'Confirmed', 'https://placehold.co/ardhil-hali-3.pdf', 'https://placehold.co/confirmation-3.pdf', 'https://placehold.co/contract-3.pdf', 'https://placehold.co/birth-cert-3.pdf', 'cmd06nn7n0001e67w2h5rf86x');
INSERT INTO public."Employee" VALUES ('emp_005', 'emp_entity_5', 'Ahmed Khamis Vuai', 'Male', 'https://placehold.co/150x150.png?text=AKV', '1973-02-05 21:00:00', 'Bububu', 'Mjini Magharibi', 'Tanzania', '1907880050', '0777-275399', 'P.O. Box 5695, Mkoani, Zanzibar', 'ZSSF005', 'PAY0005', 'Senior Administrative Officer', 'ZPS 4.2', 'OFISI YA RAIS, FEDHA NA MIPANGO', 'Human Resources', 'Permanent', 'Full-time', '2008-05-19 21:00:00', 'Director of Human Resources', 'Head Office', '2008-05-19 21:00:00', NULL, '2033-02-05 21:00:00', 'On Probation', 'https://placehold.co/ardhil-hali-5.pdf', NULL, 'https://placehold.co/contract-5.pdf', 'https://placehold.co/birth-cert-5.pdf', 'cmd06nn7n0001e67w2h5rf86x');
INSERT INTO public."Employee" VALUES ('emp_006', 'emp_entity_6', 'Zeinab Mohammed Ali', 'Female', 'https://placehold.co/150x150.png?text=ZMA', '1969-06-16 21:00:00', 'Mkoani', 'Kaskazini Pemba', 'Tanzania', '1908920060', '0777-450591', 'P.O. Box 6525, Stone Town, Zanzibar', 'ZSSF006', 'PAY0006', 'Administrative Officer', 'ZPS 4.1', 'OFISI YA RAIS, FEDHA NA MIPANGO', 'Registry', 'Permanent', 'Full-time', '2012-10-02 21:00:00', 'Director of Registry', 'Head Office', '2012-10-02 21:00:00', '2013-10-02 21:00:00', '2029-06-16 21:00:00', 'Confirmed', 'https://placehold.co/ardhil-hali-6.pdf', 'https://placehold.co/confirmation-6.pdf', 'https://placehold.co/contract-6.pdf', 'https://placehold.co/birth-cert-6.pdf', 'cmd06nn7n0001e67w2h5rf86x');
INSERT INTO public."Employee" VALUES ('emp_007', 'emp_entity_7', 'Prof. Omar Juma Khamis', 'Male', 'https://placehold.co/150x150.png?text=POJK', '1974-10-23 21:00:00', 'Mkoani', 'Kaskazini Pemba', 'Tanzania', '1905650070', '0777-696363', 'P.O. Box 7280, Mkoani, Zanzibar', 'ZSSF007', 'PAY0007', 'Principal Secretary', 'ZPS 8.1', 'WIZARA YA ELIMU NA MAFUNZO YA AMALI', 'Policy', 'Permanent', 'Full-time', '2008-08-23 21:00:00', 'Director of Policy', 'Head Office', '2008-08-23 21:00:00', '2009-08-23 21:00:00', '2034-10-23 21:00:00', 'Confirmed', 'https://placehold.co/ardhil-hali-7.pdf', 'https://placehold.co/confirmation-7.pdf', 'https://placehold.co/contract-7.pdf', 'https://placehold.co/birth-cert-7.pdf', 'cmd06nn7r0002e67w8df8thtn');
INSERT INTO public."Employee" VALUES ('emp_008', 'emp_entity_8', 'Dr. Amina Hassan Said', 'Female', 'https://placehold.co/150x150.png?text=DAHS', '1962-05-04 21:00:00', 'Chake Chake', 'Mjini Magharibi', 'Tanzania', '1906720080', '0777-140697', 'P.O. Box 4560, Mkoani, Zanzibar', 'ZSSF008', 'PAY0008', 'Director of Education', 'ZPS 6.1', 'WIZARA YA ELIMU NA MAFUNZO YA AMALI', 'Primary Education', 'Permanent', 'Full-time', '2004-11-22 21:00:00', 'Director of Primary Education', 'Head Office', '2004-11-22 21:00:00', '2005-11-22 21:00:00', '2022-05-04 21:00:00', 'Confirmed', 'https://placehold.co/ardhil-hali-8.pdf', 'https://placehold.co/confirmation-8.pdf', 'https://placehold.co/contract-8.pdf', 'https://placehold.co/birth-cert-8.pdf', 'cmd06nn7r0002e67w8df8thtn');
INSERT INTO public."Employee" VALUES ('emp_009', 'emp_entity_9', 'Hamad Ali Khamis', 'Male', 'https://placehold.co/150x150.png?text=HAK', '1989-07-20 21:00:00', 'Wete', 'Mjini Magharibi', 'Tanzania', '1907800090', '0777-792099', 'P.O. Box 2350, Mkoani, Zanzibar', 'ZSSF009', 'PAY0009', 'Senior Education Officer', 'ZPS 5.1', 'WIZARA YA ELIMU NA MAFUNZO YA AMALI', 'Secondary Education', 'Permanent', 'Full-time', '2001-04-10 21:00:00', 'Director of Secondary Education', 'Head Office', '2001-04-10 21:00:00', '2002-04-10 21:00:00', '2049-07-20 21:00:00', 'Confirmed', 'https://placehold.co/ardhil-hali-9.pdf', 'https://placehold.co/confirmation-9.pdf', 'https://placehold.co/contract-9.pdf', 'https://placehold.co/birth-cert-9.pdf', 'cmd06nn7r0002e67w8df8thtn');
INSERT INTO public."Employee" VALUES ('emp_010', 'emp_entity_10', 'Mwalimu Fatuma Juma', 'Female', 'https://placehold.co/150x150.png?text=MFJ', '1988-07-21 21:00:00', 'Wete', 'Kaskazini Unguja', 'Tanzania', '1908850100', '0777-590498', 'P.O. Box 5427, Bububu, Zanzibar', 'ZSSF010', 'PAY0010', 'Education Officer', 'ZPS 4.2', 'WIZARA YA ELIMU NA MAFUNZO YA AMALI', 'Curriculum', 'Permanent', 'Full-time', '2000-06-23 21:00:00', 'Director of Curriculum', 'Head Office', '2000-06-23 21:00:00', '2001-06-23 21:00:00', '2048-07-21 21:00:00', 'Confirmed', 'https://placehold.co/ardhil-hali-10.pdf', 'https://placehold.co/confirmation-10.pdf', 'https://placehold.co/contract-10.pdf', 'https://placehold.co/birth-cert-10.pdf', 'cmd06nn7r0002e67w8df8thtn');
INSERT INTO public."Employee" VALUES ('emp_002', 'emp_entity_2', 'Dr. Fatma Ali Mohamed', 'Female', 'https://placehold.co/150x150.png?text=DFAM', '1984-03-08 21:00:00', 'Wete', 'Kaskazini Unguja', 'Tanzania', '1904750020', '0777-317972', 'P.O. Box 1160, Vitongoji, Zanzibar', 'ZSSF002', 'PAY0002', 'Grade 1', 'ZPS 7.2', 'OFISI YA RAIS, FEDHA NA MIPANGO', 'Finance', 'Permanent', 'Full-time', '2001-08-24 21:00:00', 'Director of Finance', 'Head Office', '2001-08-24 21:00:00', '2002-08-24 21:00:00', '2044-03-08 21:00:00', 'Confirmed', 'https://placehold.co/ardhil-hali-2.pdf', 'https://placehold.co/confirmation-2.pdf', 'https://placehold.co/contract-2.pdf', 'https://placehold.co/birth-cert-2.pdf', 'cmd06nn7n0001e67w2h5rf86x');
INSERT INTO public."Employee" VALUES ('emp_012', 'emp_entity_12', 'Halima Said Ali', 'Female', 'https://placehold.co/150x150.png?text=HSA', '1976-03-18 21:00:00', 'Wete', 'Kaskazini Pemba', 'Tanzania', '1910950120', '0777-923910', 'P.O. Box 6962, Stone Town, Zanzibar', 'ZSSF012', 'PAY0012', 'Assistant Education Officer', 'ZPS 3.2', 'WIZARA YA ELIMU NA MAFUNZO YA AMALI', 'Special Education', 'Permanent', 'Full-time', '2012-01-11 21:00:00', 'Director of Special Education', 'Head Office', '2012-01-11 21:00:00', '2013-01-10 21:00:00', '2036-03-18 21:00:00', 'Confirmed', 'https://placehold.co/ardhil-hali-12.pdf', 'https://placehold.co/confirmation-12.pdf', 'https://placehold.co/contract-12.pdf', 'https://placehold.co/birth-cert-12.pdf', 'cmd06nn7r0002e67w8df8thtn');
INSERT INTO public."Employee" VALUES ('emp_013', 'emp_entity_13', 'Dr. Mwalimu Hassan Omar', 'Male', 'https://placehold.co/150x150.png?text=DMHO', '1965-02-15 21:00:00', 'Mkoani', 'Kaskazini Unguja', 'Tanzania', '1906700130', '0777-966894', 'P.O. Box 6948, Mkoani, Zanzibar', 'ZSSF013', 'PAY0013', 'Principal Secretary', 'ZPS 8.1', 'WIZARA YA AFYA', 'Health Policy', 'Permanent', 'Full-time', '2020-07-15 21:00:00', 'Director of Health Policy', 'Head Office', '2020-07-15 21:00:00', '2021-07-15 21:00:00', '2025-02-15 21:00:00', 'Confirmed', 'https://placehold.co/ardhil-hali-13.pdf', 'https://placehold.co/confirmation-13.pdf', 'https://placehold.co/contract-13.pdf', 'https://placehold.co/birth-cert-13.pdf', 'cmd06nn7u0003e67wa4hiyie7');
INSERT INTO public."Employee" VALUES ('emp_014', 'emp_entity_14', 'Dr. Khadija Ali Mohamed', 'Female', 'https://placehold.co/150x150.png?text=DKAM', '1968-09-08 21:00:00', 'Stone Town', 'Kusini Pemba', 'Tanzania', '1907750140', '0777-952241', 'P.O. Box 1663, Chake Chake, Zanzibar', 'ZSSF014', 'PAY0014', 'Chief Medical Officer', 'ZPS 7.1', 'WIZARA YA AFYA', 'Clinical Services', 'Permanent', 'Full-time', '2005-06-26 21:00:00', 'Director of Clinical Services', 'Head Office', '2005-06-26 21:00:00', '2006-06-26 21:00:00', '2028-09-08 21:00:00', 'Confirmed', 'https://placehold.co/ardhil-hali-14.pdf', 'https://placehold.co/confirmation-14.pdf', 'https://placehold.co/contract-14.pdf', 'https://placehold.co/birth-cert-14.pdf', 'cmd06nn7u0003e67wa4hiyie7');
INSERT INTO public."Employee" VALUES ('emp_015', 'emp_entity_15', 'Daktari Salim Juma Said', 'Male', 'https://placehold.co/150x150.png?text=DSJS', '1987-01-07 21:00:00', 'Wete', 'Kaskazini Unguja', 'Tanzania', '1908800150', '0777-712186', 'P.O. Box 4457, Mkoani, Zanzibar', 'ZSSF015', 'PAY0015', 'Medical Officer', 'ZPS 6.2', 'WIZARA YA AFYA', 'Public Health', 'Permanent', 'Full-time', '2011-11-07 21:00:00', 'Director of Public Health', 'Head Office', '2011-11-07 21:00:00', '2012-11-06 21:00:00', '2047-01-07 21:00:00', 'Confirmed', 'https://placehold.co/ardhil-hali-15.pdf', 'https://placehold.co/confirmation-15.pdf', 'https://placehold.co/contract-15.pdf', 'https://placehold.co/birth-cert-15.pdf', 'cmd06nn7u0003e67wa4hiyie7');
INSERT INTO public."Employee" VALUES ('emp_016', 'emp_entity_16', 'Nurse Mwanasha Hassan', 'Female', 'https://placehold.co/150x150.png?text=NMH', '1982-11-15 21:00:00', 'Vitongoji', 'Kusini Pemba', 'Tanzania', '1909850160', '0777-475107', 'P.O. Box 9242, Kizimbani, Zanzibar', 'ZSSF016', 'PAY0016', 'Senior Nursing Officer', 'ZPS 5.1', 'WIZARA YA AFYA', 'Nursing Services', 'Permanent', 'Full-time', '2007-03-13 21:00:00', 'Director of Nursing Services', 'Head Office', '2007-03-13 21:00:00', '2008-03-12 21:00:00', '2042-11-15 21:00:00', 'Confirmed', 'https://placehold.co/ardhil-hali-16.pdf', 'https://placehold.co/confirmation-16.pdf', 'https://placehold.co/contract-16.pdf', 'https://placehold.co/birth-cert-16.pdf', 'cmd06nn7u0003e67wa4hiyie7');
INSERT INTO public."Employee" VALUES ('emp_017', 'emp_entity_17', 'Pharmacist Ahmed Ali', 'Male', 'https://placehold.co/150x150.png?text=PAA', '1972-07-03 21:00:00', 'Kizimbani', 'Kusini Unguja', 'Tanzania', '1910900170', '0777-717241', 'P.O. Box 1300, Chake Chake, Zanzibar', 'ZSSF017', 'PAY0017', 'Principal Pharmacist', 'ZPS 5.2', 'WIZARA YA AFYA', 'Pharmacy', 'Permanent', 'Full-time', '2003-11-06 21:00:00', 'Director of Pharmacy', 'Head Office', '2003-11-06 21:00:00', '2004-11-05 21:00:00', '2032-07-03 21:00:00', 'Confirmed', 'https://placehold.co/ardhil-hali-17.pdf', 'https://placehold.co/confirmation-17.pdf', 'https://placehold.co/contract-17.pdf', 'https://placehold.co/birth-cert-17.pdf', 'cmd06nn7u0003e67wa4hiyie7');
INSERT INTO public."Employee" VALUES ('emp_018', 'emp_entity_18', 'Fatma Khamis Omar', 'Female', 'https://placehold.co/150x150.png?text=FKO', '1981-10-24 21:00:00', 'Mkoani', 'Kusini Pemba', 'Tanzania', '1911950180', '0777-855658', 'P.O. Box 9574, Kizimbani, Zanzibar', 'ZSSF018', 'PAY0018', 'Health Officer', 'ZPS 4.1', 'WIZARA YA AFYA', 'Health Promotion', 'Permanent', 'Full-time', '2004-12-14 21:00:00', 'Director of Health Promotion', 'Head Office', '2004-12-14 21:00:00', NULL, '2041-10-24 21:00:00', 'On Probation', 'https://placehold.co/ardhil-hali-18.pdf', NULL, 'https://placehold.co/contract-18.pdf', 'https://placehold.co/birth-cert-18.pdf', 'cmd06nn7u0003e67wa4hiyie7');
INSERT INTO public."Employee" VALUES ('emp_019', 'emp_entity_19', 'Mhe. Ali Mohamed Khamis', 'Male', 'https://placehold.co/150x150.png?text=MAMK', '1978-05-24 21:00:00', 'Vitongoji', 'Mjini Magharibi', 'Tanzania', '1905600190', '0777-723886', 'P.O. Box 3540, Mahonda, Zanzibar', 'ZSSF019', 'PAY0019', 'Commissioner', 'ZPS 9.1', 'TUME YA UTUMISHI SERIKALINI', 'Executive', 'Permanent', 'Full-time', '2003-12-01 21:00:00', 'Director of Executive', 'Head Office', '2003-12-01 21:00:00', '2004-11-30 21:00:00', '2038-05-24 21:00:00', 'Confirmed', 'https://placehold.co/ardhil-hali-19.pdf', 'https://placehold.co/confirmation-19.pdf', 'https://placehold.co/contract-19.pdf', 'https://placehold.co/birth-cert-19.pdf', 'cmd059ion0000e6d85kexfukl');
INSERT INTO public."Employee" VALUES ('emp_020', 'emp_entity_20', 'Dr. Mwanajuma Said Ali', 'Female', 'https://placehold.co/150x150.png?text=DMSA', '1976-07-21 21:00:00', 'Vitongoji', 'Kusini Pemba', 'Tanzania', '1906650200', '0777-799704', 'P.O. Box 5753, Bububu, Zanzibar', 'ZSSF020', 'PAY0020', 'Secretary General', 'ZPS 8.2', 'TUME YA UTUMISHI SERIKALINI', 'Administration', 'Permanent', 'Full-time', '2000-02-26 21:00:00', 'Director of Administration', 'Head Office', '2000-02-26 21:00:00', '2001-02-25 21:00:00', '2036-07-21 21:00:00', 'Confirmed', 'https://placehold.co/ardhil-hali-20.pdf', 'https://placehold.co/confirmation-20.pdf', 'https://placehold.co/contract-20.pdf', 'https://placehold.co/birth-cert-20.pdf', 'cmd059ion0000e6d85kexfukl');
INSERT INTO public."Employee" VALUES ('emp_021', 'emp_entity_21', 'Mwalimu Hassan Juma', 'Male', 'https://placehold.co/150x150.png?text=MHJ', '1985-08-31 21:00:00', 'Mahonda', 'Mjini Magharibi', 'Tanzania', '1907700210', '0777-157936', 'P.O. Box 4615, Chake Chake, Zanzibar', 'ZSSF021', 'PAY0021', 'Director of HR', 'ZPS 6.1', 'TUME YA UTUMISHI SERIKALINI', 'Human Resources', 'Permanent', 'Full-time', '2002-10-31 21:00:00', 'Director of Human Resources', 'Head Office', '2002-10-31 21:00:00', '2003-10-31 21:00:00', '2045-08-31 21:00:00', 'Confirmed', 'https://placehold.co/ardhil-hali-21.pdf', 'https://placehold.co/confirmation-21.pdf', 'https://placehold.co/contract-21.pdf', 'https://placehold.co/birth-cert-21.pdf', 'cmd059ion0000e6d85kexfukl');
INSERT INTO public."Employee" VALUES ('emp_022', 'emp_entity_22', 'Zeinab Ali Hassan', 'Female', 'https://placehold.co/150x150.png?text=ZAH', '1971-05-10 21:00:00', 'Kizimbani', 'Kusini Pemba', 'Tanzania', '1908750220', '0777-553238', 'P.O. Box 6048, Stone Town, Zanzibar', 'ZSSF022', 'PAY0022', 'Legal Officer', 'ZPS 5.2', 'TUME YA UTUMISHI SERIKALINI', 'Legal Affairs', 'Permanent', 'Full-time', '2016-01-10 21:00:00', 'Director of Legal Affairs', 'Head Office', '2016-01-10 21:00:00', '2017-01-09 21:00:00', '2031-05-10 21:00:00', 'Confirmed', 'https://placehold.co/ardhil-hali-22.pdf', 'https://placehold.co/confirmation-22.pdf', 'https://placehold.co/contract-22.pdf', 'https://placehold.co/birth-cert-22.pdf', 'cmd059ion0000e6d85kexfukl');
INSERT INTO public."Employee" VALUES ('emp_023', 'emp_entity_23', 'Dr. Juma Ali Khamis', 'Male', 'https://placehold.co/150x150.png?text=DJAK', '1960-05-13 21:00:00', 'Bububu', 'Kusini Unguja', 'Tanzania', '1905750230', '0777-964707', 'P.O. Box 2269, Mahonda, Zanzibar', 'ZSSF023', 'PAY0023', 'Principal Secretary', 'ZPS 8.1', 'WIZARA YA KILIMO UMWAGILIAJI MALIASILI NA MIFUGO', 'Policy', 'Permanent', 'Full-time', '2014-11-19 21:00:00', 'Director of Policy', 'Head Office', '2014-11-19 21:00:00', '2015-11-19 21:00:00', '2020-05-13 21:00:00', 'Confirmed', 'https://placehold.co/ardhil-hali-23.pdf', 'https://placehold.co/confirmation-23.pdf', 'https://placehold.co/contract-23.pdf', 'https://placehold.co/birth-cert-23.pdf', 'cmd06xe34000he6bqfdqiw9ll');
INSERT INTO public."Employee" VALUES ('emp_025', 'emp_entity_25', 'Veterinarian Ahmed Hassan', 'Male', 'https://placehold.co/150x150.png?text=VAH', '1964-06-04 21:00:00', 'Vitongoji', 'Mjini Magharibi', 'Tanzania', '1907850250', '0777-498768', 'P.O. Box 6167, Kizimbani, Zanzibar', 'ZSSF025', 'PAY0025', 'Chief Veterinary Officer', 'ZPS 6.2', 'WIZARA YA KILIMO UMWAGILIAJI MALIASILI NA MIFUGO', 'Animal Health', 'Permanent', 'Full-time', '2013-08-01 21:00:00', 'Director of Animal Health', 'Head Office', '2013-08-01 21:00:00', '2014-08-01 21:00:00', '2024-06-04 21:00:00', 'Confirmed', 'https://placehold.co/ardhil-hali-25.pdf', 'https://placehold.co/confirmation-25.pdf', 'https://placehold.co/contract-25.pdf', 'https://placehold.co/birth-cert-25.pdf', 'cmd06xe34000he6bqfdqiw9ll');
INSERT INTO public."Employee" VALUES ('emp_026', 'emp_entity_26', 'Mwanasha Juma Omar', 'Female', 'https://placehold.co/150x150.png?text=MJO', '1985-09-25 21:00:00', 'Mahonda', 'Mjini Magharibi', 'Tanzania', '1908900260', '0777-310622', 'P.O. Box 4079, Chake Chake, Zanzibar', 'ZSSF026', 'PAY0026', 'Agricultural Officer', 'ZPS 4.2', 'WIZARA YA KILIMO UMWAGILIAJI MALIASILI NA MIFUGO', 'Extension Services', 'Permanent', 'Full-time', '2004-03-24 21:00:00', 'Director of Extension Services', 'Head Office', '2004-03-24 21:00:00', '2005-03-24 21:00:00', '2045-09-25 21:00:00', 'Confirmed', 'https://placehold.co/ardhil-hali-26.pdf', 'https://placehold.co/confirmation-26.pdf', 'https://placehold.co/contract-26.pdf', 'https://placehold.co/birth-cert-26.pdf', 'cmd06xe34000he6bqfdqiw9ll');
INSERT INTO public."Employee" VALUES ('emp_027', 'emp_entity_27', 'Engineer Said Hassan', 'Male', 'https://placehold.co/150x150.png?text=ESH', '1965-12-09 21:00:00', 'Mahonda', 'Mjini Magharibi', 'Tanzania', '1905820270', '0777-310232', 'P.O. Box 5981, Vitongoji, Zanzibar', 'ZSSF027', 'PAY0027', 'Principal Secretary', 'ZPS 8.1', 'WIZARA YA UJENZI MAWASILIANO NA UCHUKUZI', 'Infrastructure', 'Permanent', 'Full-time', '2022-06-13 21:00:00', 'Director of Infrastructure', 'Head Office', '2022-06-13 21:00:00', '2023-06-13 21:00:00', '2025-12-09 21:00:00', 'Confirmed', 'https://placehold.co/ardhil-hali-27.pdf', 'https://placehold.co/confirmation-27.pdf', 'https://placehold.co/contract-27.pdf', 'https://placehold.co/birth-cert-27.pdf', 'cmd06xe37000ie6bq43r62ea6');
INSERT INTO public."Employee" VALUES ('emp_028', 'emp_entity_28', 'Engineer Amina Ali', 'Female', 'https://placehold.co/150x150.png?text=EAA', '1975-02-03 21:00:00', 'Mahonda', 'Kusini Pemba', 'Tanzania', '1906870280', '0777-680813', 'P.O. Box 6060, Kizimbani, Zanzibar', 'ZSSF028', 'PAY0028', 'Chief Engineer', 'ZPS 6.2', 'WIZARA YA UJENZI MAWASILIANO NA UCHUKUZI', 'Roads', 'Permanent', 'Full-time', '2019-02-12 21:00:00', 'Director of Roads', 'Head Office', '2019-02-12 21:00:00', '2020-02-12 21:00:00', '2035-02-03 21:00:00', 'Confirmed', 'https://placehold.co/ardhil-hali-28.pdf', 'https://placehold.co/confirmation-28.pdf', 'https://placehold.co/contract-28.pdf', 'https://placehold.co/birth-cert-28.pdf', 'cmd06xe37000ie6bq43r62ea6');
INSERT INTO public."Employee" VALUES ('emp_029', 'emp_entity_29', 'Architect Omar Juma', 'Male', 'https://placehold.co/150x150.png?text=AOJ', '1966-08-10 21:00:00', 'Stone Town', 'Kusini Pemba', 'Tanzania', '1907920290', '0777-740540', 'P.O. Box 1076, Vitongoji, Zanzibar', 'ZSSF029', 'PAY0029', 'Senior Architect', 'ZPS 5.2', 'WIZARA YA UJENZI MAWASILIANO NA UCHUKUZI', 'Building', 'Permanent', 'Full-time', '2016-01-08 21:00:00', 'Director of Building', 'Head Office', '2016-01-08 21:00:00', '2017-01-07 21:00:00', '2026-08-10 21:00:00', 'Confirmed', 'https://placehold.co/ardhil-hali-29.pdf', 'https://placehold.co/confirmation-29.pdf', 'https://placehold.co/contract-29.pdf', 'https://placehold.co/birth-cert-29.pdf', 'cmd06xe37000ie6bq43r62ea6');
INSERT INTO public."Employee" VALUES ('emp_030', 'emp_entity_30', 'Surveyor Mwanajuma Hassan', 'Female', 'https://placehold.co/150x150.png?text=SMH', '1981-02-20 21:00:00', 'Mkoani', 'Kaskazini Pemba', 'Tanzania', '1908970300', '0777-776629', 'P.O. Box 9140, Bububu, Zanzibar', 'ZSSF030', 'PAY0030', 'Senior Surveyor', 'ZPS 5.1', 'WIZARA YA UJENZI MAWASILIANO NA UCHUKUZI', 'Survey', 'Permanent', 'Full-time', '2011-01-24 21:00:00', 'Director of Survey', 'Head Office', '2011-01-24 21:00:00', '2012-01-24 21:00:00', '2041-02-20 21:00:00', 'Confirmed', 'https://placehold.co/ardhil-hali-30.pdf', 'https://placehold.co/confirmation-30.pdf', 'https://placehold.co/contract-30.pdf', 'https://placehold.co/birth-cert-30.pdf', 'cmd06xe37000ie6bq43r62ea6');
INSERT INTO public."Employee" VALUES ('emp_031', 'emp_entity_31', 'Mwalimu Hassan Said', 'Male', 'https://placehold.co/150x150.png?text=MHS', '1970-10-20 21:00:00', 'Chake Chake', 'Kaskazini Pemba', 'Tanzania', '1905840310', '0777-295018', 'P.O. Box 7965, Kizimbani, Zanzibar', 'ZSSF031', 'PAY0031', 'Principal Secretary', 'ZPS 8.1', 'WIZARA YA UTALII NA MAMBO YA KALE', 'Tourism Policy', 'Permanent', 'Full-time', '2009-01-31 21:00:00', 'Director of Tourism Policy', 'Head Office', '2009-01-31 21:00:00', '2010-01-31 21:00:00', '2030-10-20 21:00:00', 'Confirmed', 'https://placehold.co/ardhil-hali-31.pdf', 'https://placehold.co/confirmation-31.pdf', 'https://placehold.co/contract-31.pdf', 'https://placehold.co/birth-cert-31.pdf', 'cmd06xe40000ve6bqrip9e4m6');
INSERT INTO public."Employee" VALUES ('emp_032', 'emp_entity_32', 'Dr. Fatma Juma Ali', 'Female', 'https://placehold.co/150x150.png?text=DFJA', '1987-11-26 21:00:00', 'Vitongoji', 'Kusini Unguja', 'Tanzania', '1906890320', '0777-936850', 'P.O. Box 9878, Vitongoji, Zanzibar', 'ZSSF032', 'PAY0032', 'Director of Tourism', 'ZPS 6.1', 'WIZARA YA UTALII NA MAMBO YA KALE', 'Tourism Development', 'Permanent', 'Full-time', '2006-05-16 21:00:00', 'Director of Tourism Development', 'Head Office', '2006-05-16 21:00:00', '2007-05-16 21:00:00', '2047-11-26 21:00:00', 'Confirmed', 'https://placehold.co/ardhil-hali-32.pdf', 'https://placehold.co/confirmation-32.pdf', 'https://placehold.co/contract-32.pdf', 'https://placehold.co/birth-cert-32.pdf', 'cmd06xe40000ve6bqrip9e4m6');
INSERT INTO public."Employee" VALUES ('emp_033', 'emp_entity_33', 'Ahmed Omar Hassan', 'Male', 'https://placehold.co/150x150.png?text=AOH', '1962-02-18 21:00:00', 'Stone Town', 'Kaskazini Pemba', 'Tanzania', '1907940330', '0777-778886', 'P.O. Box 1079, Wete, Zanzibar', 'ZSSF033', 'PAY0033', 'Tourism Officer', 'ZPS 4.2', 'WIZARA YA UTALII NA MAMBO YA KALE', 'Heritage', 'Permanent', 'Full-time', '2003-06-03 21:00:00', 'Director of Heritage', 'Head Office', '2003-06-03 21:00:00', '2004-06-02 21:00:00', '2022-02-18 21:00:00', 'Confirmed', 'https://placehold.co/ardhil-hali-33.pdf', 'https://placehold.co/confirmation-33.pdf', 'https://placehold.co/contract-33.pdf', 'https://placehold.co/birth-cert-33.pdf', 'cmd06xe40000ve6bqrip9e4m6');
INSERT INTO public."Employee" VALUES ('emp_034', 'emp_entity_34', 'Engineer Ali Hassan', 'Male', 'https://placehold.co/150x150.png?text=EAH', '1975-05-12 21:00:00', 'Stone Town', 'Kusini Pemba', 'Tanzania', '1905860340', '0777-378202', 'P.O. Box 6175, Mkoani, Zanzibar', 'ZSSF034', 'PAY0034', 'Principal Secretary', 'ZPS 8.1', 'WIZARA YA MAJI NISHATI NA MADINI', 'Water Policy', 'Permanent', 'Full-time', '2014-01-18 21:00:00', 'Director of Water Policy', 'Head Office', '2014-01-18 21:00:00', '2015-01-18 21:00:00', '2035-05-12 21:00:00', 'Confirmed', 'https://placehold.co/ardhil-hali-34.pdf', 'https://placehold.co/confirmation-34.pdf', 'https://placehold.co/contract-34.pdf', 'https://placehold.co/birth-cert-34.pdf', 'cmd06xe4g0012e6bqou5f9gur');
INSERT INTO public."Employee" VALUES ('emp_035', 'emp_entity_35', 'Engineer Zeinab Omar', 'Female', 'https://placehold.co/150x150.png?text=EZO', '1971-10-20 21:00:00', 'Stone Town', 'Kaskazini Pemba', 'Tanzania', '1906910350', '0777-479265', 'P.O. Box 9392, Stone Town, Zanzibar', 'ZSSF035', 'PAY0035', 'Director of Water', 'ZPS 6.1', 'WIZARA YA MAJI NISHATI NA MADINI', 'Water Supply', 'Permanent', 'Full-time', '2021-03-25 21:00:00', 'Director of Water Supply', 'Head Office', '2021-03-25 21:00:00', '2022-03-25 21:00:00', '2031-10-20 21:00:00', 'Confirmed', 'https://placehold.co/ardhil-hali-35.pdf', 'https://placehold.co/confirmation-35.pdf', 'https://placehold.co/contract-35.pdf', 'https://placehold.co/birth-cert-35.pdf', 'cmd06xe4g0012e6bqou5f9gur');
INSERT INTO public."Employee" VALUES ('emp_036', 'emp_entity_36', 'Technician Said Ali', 'Male', 'https://placehold.co/150x150.png?text=TSA', '1980-01-06 21:00:00', 'Mkoani', 'Kaskazini Unguja', 'Tanzania', '1907960360', '0777-722924', 'P.O. Box 8708, Mahonda, Zanzibar', 'ZSSF036', 'PAY0036', 'Senior Technician', 'ZPS 4.2', 'WIZARA YA MAJI NISHATI NA MADINI', 'Energy', 'Permanent', 'Full-time', '2016-04-12 21:00:00', 'Director of Energy', 'Head Office', '2016-04-12 21:00:00', '2017-04-12 21:00:00', '2040-01-06 21:00:00', 'Confirmed', 'https://placehold.co/ardhil-hali-36.pdf', 'https://placehold.co/confirmation-36.pdf', 'https://placehold.co/contract-36.pdf', 'https://placehold.co/birth-cert-36.pdf', 'cmd06xe4g0012e6bqou5f9gur');
INSERT INTO public."Employee" VALUES ('emp_038', 'emp_entity_38', 'MBA Mwanasha Said', 'Female', 'https://placehold.co/150x150.png?text=MMS', '1988-04-22 21:00:00', 'Stone Town', 'Kaskazini Pemba', 'Tanzania', '1906930380', '0777-597484', 'P.O. Box 9943, Kizimbani, Zanzibar', 'ZSSF038', 'PAY0038', 'Director of Industry', 'ZPS 6.1', 'WIZARA YA BIASHARA NA MAENDELEO YA VIWANDA', 'Industrial Development', 'Permanent', 'Full-time', '2009-06-22 21:00:00', 'Director of Industrial Development', 'Head Office', '2009-06-22 21:00:00', '2010-06-22 21:00:00', '2048-04-22 21:00:00', 'Confirmed', 'https://placehold.co/ardhil-hali-38.pdf', 'https://placehold.co/confirmation-38.pdf', 'https://placehold.co/contract-38.pdf', 'https://placehold.co/birth-cert-38.pdf', 'cmd06xe3b000ke6bqxuwovzub');
INSERT INTO public."Employee" VALUES ('emp_039', 'emp_entity_39', 'Trade Officer Ahmed', 'Male', 'https://placehold.co/150x150.png?text=TOA', '1963-09-05 21:00:00', 'Wete', 'Mjini Magharibi', 'Tanzania', '1907980390', '0777-719203', 'P.O. Box 8576, Wete, Zanzibar', 'ZSSF039', 'PAY0039', 'Trade Officer', 'ZPS 4.2', 'WIZARA YA BIASHARA NA MAENDELEO YA VIWANDA', 'Export Promotion', 'Permanent', 'Full-time', '2012-01-23 21:00:00', 'Director of Export Promotion', 'Head Office', '2012-01-23 21:00:00', NULL, '2023-09-05 21:00:00', 'On Probation', 'https://placehold.co/ardhil-hali-39.pdf', NULL, 'https://placehold.co/contract-39.pdf', 'https://placehold.co/birth-cert-39.pdf', 'cmd06xe3b000ke6bqxuwovzub');
INSERT INTO public."Employee" VALUES ('emp_040', 'emp_entity_40', 'Surveyor Hassan Ali', 'Male', 'https://placehold.co/150x150.png?text=SHA', '1968-10-02 21:00:00', 'Kizimbani', 'Kaskazini Pemba', 'Tanzania', '1905900400', '0777-955288', 'P.O. Box 6361, Wete, Zanzibar', 'ZSSF040', 'PAY0040', 'Principal Secretary', 'ZPS 8.1', 'WIZARA YA ARDHI NA MAENDELEO YA MAKAAZI ZANZIBAR', 'Land Policy', 'Permanent', 'Full-time', '2022-04-12 21:00:00', 'Director of Land Policy', 'Head Office', '2022-04-12 21:00:00', '2023-04-12 21:00:00', '2028-10-02 21:00:00', 'Confirmed', 'https://placehold.co/ardhil-hali-40.pdf', 'https://placehold.co/confirmation-40.pdf', 'https://placehold.co/contract-40.pdf', 'https://placehold.co/birth-cert-40.pdf', 'cmd06xe3y000ue6bqzqkztrsa');
INSERT INTO public."Employee" VALUES ('emp_041', 'emp_entity_41', 'Architect Fatma Hassan', 'Female', 'https://placehold.co/150x150.png?text=AFH', '1973-01-01 21:00:00', 'Kizimbani', 'Kusini Unguja', 'Tanzania', '1906950410', '0777-774735', 'P.O. Box 5022, Stone Town, Zanzibar', 'ZSSF041', 'PAY0041', 'Director of Housing', 'ZPS 6.1', 'WIZARA YA ARDHI NA MAENDELEO YA MAKAAZI ZANZIBAR', 'Housing Development', 'Permanent', 'Full-time', '2019-07-22 21:00:00', 'Director of Housing Development', 'Head Office', '2019-07-22 21:00:00', '2020-07-21 21:00:00', '2033-01-01 21:00:00', 'Confirmed', 'https://placehold.co/ardhil-hali-41.pdf', 'https://placehold.co/confirmation-41.pdf', 'https://placehold.co/contract-41.pdf', 'https://placehold.co/birth-cert-41.pdf', 'cmd06xe3y000ue6bqzqkztrsa');
INSERT INTO public."Employee" VALUES ('emp_042', 'emp_entity_42', 'Land Officer Omar Said', 'Male', 'https://placehold.co/150x150.png?text=LOOS', '1975-09-04 21:00:00', 'Wete', 'Kaskazini Pemba', 'Tanzania', '1908000420', '0777-266636', 'P.O. Box 4239, Chake Chake, Zanzibar', 'ZSSF042', 'PAY0042', 'Land Officer', 'ZPS 4.2', 'WIZARA YA ARDHI NA MAENDELEO YA MAKAAZI ZANZIBAR', 'Land Administration', 'Permanent', 'Full-time', '2002-11-18 21:00:00', 'Director of Land Administration', 'Head Office', '2002-11-18 21:00:00', '2003-11-18 21:00:00', '2035-09-04 21:00:00', 'Confirmed', 'https://placehold.co/ardhil-hali-42.pdf', 'https://placehold.co/confirmation-42.pdf', 'https://placehold.co/contract-42.pdf', 'https://placehold.co/birth-cert-42.pdf', 'cmd06xe3y000ue6bqzqkztrsa');
INSERT INTO public."Employee" VALUES ('emp_043', 'emp_entity_43', 'Journalist Ali Omar', 'Male', 'https://placehold.co/150x150.png?text=JAO', '1983-04-06 21:00:00', 'Mkoani', 'Kaskazini Pemba', 'Tanzania', '1905920430', '0777-524495', 'P.O. Box 7910, Vitongoji, Zanzibar', 'ZSSF043', 'PAY0043', 'Principal Secretary', 'ZPS 8.1', 'WIZARA YA HABARI, VIJANA, UTAMADUNI NA MICHEZO', 'Information Policy', 'Permanent', 'Full-time', '2010-10-11 21:00:00', 'Director of Information Policy', 'Head Office', '2010-10-11 21:00:00', '2011-10-11 21:00:00', '2043-04-06 21:00:00', 'Confirmed', 'https://placehold.co/ardhil-hali-43.pdf', 'https://placehold.co/confirmation-43.pdf', 'https://placehold.co/contract-43.pdf', 'https://placehold.co/birth-cert-43.pdf', 'cmd06xe3l000oe6bq5drrocqt');
INSERT INTO public."Employee" VALUES ('emp_044', 'emp_entity_44', 'Dr. Mwanajuma Ali', 'Female', 'https://placehold.co/150x150.png?text=DMA', '1960-08-22 21:00:00', 'Mahonda', 'Kusini Pemba', 'Tanzania', '1906970440', '0777-150809', 'P.O. Box 9463, Kizimbani, Zanzibar', 'ZSSF044', 'PAY0044', 'Director of Youth', 'ZPS 6.1', 'WIZARA YA HABARI, VIJANA, UTAMADUNI NA MICHEZO', 'Youth Development', 'Permanent', 'Full-time', '2001-03-16 21:00:00', 'Director of Youth Development', 'Head Office', '2001-03-16 21:00:00', '2002-03-16 21:00:00', '2020-08-22 21:00:00', 'Confirmed', 'https://placehold.co/ardhil-hali-44.pdf', 'https://placehold.co/confirmation-44.pdf', 'https://placehold.co/contract-44.pdf', 'https://placehold.co/birth-cert-44.pdf', 'cmd06xe3l000oe6bq5drrocqt');
INSERT INTO public."Employee" VALUES ('emp_045', 'emp_entity_45', 'Sports Officer Hassan', 'Male', 'https://placehold.co/150x150.png?text=SOH', '1976-08-16 21:00:00', 'Mahonda', 'Kaskazini Unguja', 'Tanzania', '1908020450', '0777-216843', 'P.O. Box 2727, Kizimbani, Zanzibar', 'ZSSF045', 'PAY0045', 'Sports Officer', 'ZPS 4.2', 'WIZARA YA HABARI, VIJANA, UTAMADUNI NA MICHEZO', 'Sports', 'Permanent', 'Full-time', '2014-12-15 21:00:00', 'Director of Sports', 'Head Office', '2014-12-15 21:00:00', '2015-12-15 21:00:00', '2036-08-16 21:00:00', 'Confirmed', 'https://placehold.co/ardhil-hali-45.pdf', 'https://placehold.co/confirmation-45.pdf', 'https://placehold.co/contract-45.pdf', 'https://placehold.co/birth-cert-45.pdf', 'cmd06xe3l000oe6bq5drrocqt');
INSERT INTO public."Employee" VALUES ('emp_046', 'emp_entity_46', 'Marine Biologist Said', 'Male', 'https://placehold.co/150x150.png?text=MBS', '1970-06-05 21:00:00', 'Kizimbani', 'Kaskazini Pemba', 'Tanzania', '1905940460', '0777-187279', 'P.O. Box 6050, Mkoani, Zanzibar', 'ZSSF046', 'PAY0046', 'Principal Secretary', 'ZPS 8.1', 'WIZARA YA UCHUMI WA BULUU NA UVUVI', 'Blue Economy', 'Permanent', 'Full-time', '2018-11-30 21:00:00', 'Director of Blue Economy', 'Head Office', '2018-11-30 21:00:00', '2019-11-30 21:00:00', '2030-06-05 21:00:00', 'Confirmed', 'https://placehold.co/ardhil-hali-46.pdf', 'https://placehold.co/confirmation-46.pdf', 'https://placehold.co/contract-46.pdf', 'https://placehold.co/birth-cert-46.pdf', 'cmd06xe3r000re6bqum8g62id');
INSERT INTO public."Employee" VALUES ('emp_047', 'emp_entity_47', 'Dr. Amina Juma', 'Female', 'https://placehold.co/150x150.png?text=DAJ', '1986-01-22 21:00:00', 'Wete', 'Kusini Unguja', 'Tanzania', '1906990470', '0777-944894', 'P.O. Box 9610, Kizimbani, Zanzibar', 'ZSSF047', 'PAY0047', 'Director of Fisheries', 'ZPS 6.1', 'WIZARA YA UCHUMI WA BULUU NA UVUVI', 'Fisheries', 'Permanent', 'Full-time', '2008-05-06 21:00:00', 'Director of Fisheries', 'Head Office', '2008-05-06 21:00:00', '2009-05-06 21:00:00', '2046-01-22 21:00:00', 'Confirmed', 'https://placehold.co/ardhil-hali-47.pdf', 'https://placehold.co/confirmation-47.pdf', 'https://placehold.co/contract-47.pdf', 'https://placehold.co/birth-cert-47.pdf', 'cmd06xe3r000re6bqum8g62id');
INSERT INTO public."Employee" VALUES ('emp_048', 'emp_entity_48', 'Fisheries Officer Omar', 'Male', 'https://placehold.co/150x150.png?text=FOO', '1988-07-04 21:00:00', 'Kizimbani', 'Kusini Unguja', 'Tanzania', '1908040480', '0777-758201', 'P.O. Box 7233, Bububu, Zanzibar', 'ZSSF048', 'PAY0048', 'Fisheries Officer', 'ZPS 4.2', 'WIZARA YA UCHUMI WA BULUU NA UVUVI', 'Marine Resources', 'Permanent', 'Full-time', '2016-04-12 21:00:00', 'Director of Marine Resources', 'Head Office', '2016-04-12 21:00:00', '2017-04-12 21:00:00', '2048-07-04 21:00:00', 'Confirmed', 'https://placehold.co/ardhil-hali-48.pdf', 'https://placehold.co/confirmation-48.pdf', 'https://placehold.co/contract-48.pdf', 'https://placehold.co/birth-cert-48.pdf', 'cmd06xe3r000re6bqum8g62id');
INSERT INTO public."Employee" VALUES ('emp_049', 'emp_entity_49', 'Social Worker Fatma', 'Female', 'https://placehold.co/150x150.png?text=SWF', '1981-06-17 21:00:00', 'Bububu', 'Kusini Pemba', 'Tanzania', '1905960490', '0777-211708', 'P.O. Box 4756, Wete, Zanzibar', 'ZSSF049', 'PAY0049', 'Principal Secretary', 'ZPS 8.1', 'WIZARA YA MAENDELEO YA JAMII,JINSIA,WAZEE NA WATOTO', 'Social Policy', 'Permanent', 'Full-time', '2012-03-31 21:00:00', 'Director of Social Policy', 'Head Office', '2012-03-31 21:00:00', '2013-03-31 21:00:00', '2041-06-17 21:00:00', 'Confirmed', 'https://placehold.co/ardhil-hali-49.pdf', 'https://placehold.co/confirmation-49.pdf', 'https://placehold.co/contract-49.pdf', 'https://placehold.co/birth-cert-49.pdf', 'cmd06xe270003e6bq0wm0v3c7');
INSERT INTO public."Employee" VALUES ('emp_051', 'emp_entity_51', 'Child Protection Officer', 'Male', 'https://placehold.co/150x150.png?text=CPO', '1986-09-03 21:00:00', 'Kizimbani', 'Kusini Pemba', 'Tanzania', '1908060510', '0777-670950', 'P.O. Box 9313, Mahonda, Zanzibar', 'ZSSF051', 'PAY0051', 'Child Protection Officer', 'ZPS 4.2', 'WIZARA YA MAENDELEO YA JAMII,JINSIA,WAZEE NA WATOTO', 'Child Welfare', 'Permanent', 'Full-time', '2000-03-23 21:00:00', 'Director of Child Welfare', 'Head Office', '2000-03-23 21:00:00', NULL, '2046-09-03 21:00:00', 'On Probation', 'https://placehold.co/ardhil-hali-51.pdf', NULL, 'https://placehold.co/contract-51.pdf', 'https://placehold.co/birth-cert-51.pdf', 'cmd06xe270003e6bq0wm0v3c7');
INSERT INTO public."Employee" VALUES ('emp_052', 'emp_entity_52', 'Auditor General Hassan', 'Male', 'https://placehold.co/150x150.png?text=AGH', '1983-03-04 21:00:00', 'Kizimbani', 'Kaskazini Pemba', 'Tanzania', '1905980520', '0777-403637', 'P.O. Box 6199, Mahonda, Zanzibar', 'ZSSF052', 'PAY0052', 'Auditor General', 'ZPS 9.1', 'OFISI YA MKAGUZI MKUU WA NDANI WA SERIKALI', 'Audit', 'Permanent', 'Full-time', '2020-08-22 21:00:00', 'Director of Audit', 'Head Office', '2020-08-22 21:00:00', '2021-08-22 21:00:00', '2043-03-04 21:00:00', 'Confirmed', 'https://placehold.co/ardhil-hali-52.pdf', 'https://placehold.co/confirmation-52.pdf', 'https://placehold.co/contract-52.pdf', 'https://placehold.co/birth-cert-52.pdf', 'cmd06xe2e0006e6bqvjfhq32c');
INSERT INTO public."Employee" VALUES ('emp_053', 'emp_entity_53', 'Senior Auditor Amina', 'Female', 'https://placehold.co/150x150.png?text=SAA', '1961-02-20 21:00:00', 'Mkoani', 'Mjini Magharibi', 'Tanzania', '1907030530', '0777-917805', 'P.O. Box 1995, Stone Town, Zanzibar', 'ZSSF053', 'PAY0053', 'Senior Auditor', 'ZPS 5.2', 'OFISI YA MKAGUZI MKUU WA NDANI WA SERIKALI', 'Financial Audit', 'Permanent', 'Full-time', '2005-04-11 21:00:00', 'Director of Financial Audit', 'Head Office', '2005-04-11 21:00:00', '2006-04-11 21:00:00', '2021-02-20 21:00:00', 'Confirmed', 'https://placehold.co/ardhil-hali-53.pdf', 'https://placehold.co/confirmation-53.pdf', 'https://placehold.co/contract-53.pdf', 'https://placehold.co/birth-cert-53.pdf', 'cmd06xe2e0006e6bqvjfhq32c');
INSERT INTO public."Employee" VALUES ('emp_054', 'emp_entity_54', 'IT Manager Omar Ali', 'Male', 'https://placehold.co/150x150.png?text=IMOA', '1967-09-22 21:00:00', 'Chake Chake', 'Mjini Magharibi', 'Tanzania', '1908080540', '0777-546302', 'P.O. Box 9980, Mahonda, Zanzibar', 'ZSSF054', 'PAY0054', 'IT Manager', 'ZPS 5.1', 'WAKALA WA SERIKALI MTANDAO (eGAZ)', 'ICT', 'Permanent', 'Full-time', '2022-08-20 21:00:00', 'Director of ICT', 'Head Office', '2022-08-20 21:00:00', '2023-08-20 21:00:00', '2027-09-22 21:00:00', 'Confirmed', 'https://placehold.co/ardhil-hali-54.pdf', 'https://placehold.co/confirmation-54.pdf', 'https://placehold.co/contract-54.pdf', 'https://placehold.co/birth-cert-54.pdf', 'cmd06xe2c0005e6bqulk6iu8g');
INSERT INTO public."Employee" VALUES ('emp_055', 'emp_entity_55', 'Records Manager Fatma', 'Female', 'https://placehold.co/150x150.png?text=RMF', '1979-01-05 21:00:00', 'Chake Chake', 'Kusini Pemba', 'Tanzania', '1907050550', '0777-352857', 'P.O. Box 9112, Mahonda, Zanzibar', 'ZSSF055', 'PAY0055', 'Records Manager', 'ZPS 5.1', 'TAASISI YA NYARAKA NA KUMBUKUMBU', 'Archives', 'Permanent', 'Full-time', '2006-07-03 21:00:00', 'Director of Archives', 'Head Office', '2006-07-03 21:00:00', '2007-07-03 21:00:00', '2039-01-05 21:00:00', 'Confirmed', 'https://placehold.co/ardhil-hali-55.pdf', 'https://placehold.co/confirmation-55.pdf', 'https://placehold.co/contract-55.pdf', 'https://placehold.co/birth-cert-55.pdf', 'cmd06xe2m0009e6bq0ps9u9ut');
INSERT INTO public."Employee" VALUES ('emp_059', 'emp_entity_59', 'CPA Amina Juma Hassan', 'Female', 'https://placehold.co/150x150.png?text=CA', '1972-11-10 21:00:00', 'Mkokotoni', 'Kaskazini Pemba', 'Tanzania', '1905700590', '0777-763187', 'P.O. Box 1943, Chake Chake, Zanzibar', 'ZSSF059', 'PAY0059', 'Registrar of Treasury', 'ZPS 7.2', 'Ofisi ya Msajili wa Hazina', 'Treasury Operations', 'Permanent', 'Full-time', '2010-11-18 21:00:00', 'Director of Treasury Operations', 'Head Office', '2010-11-18 21:00:00', '2012-01-26 05:10:02.94', '2032-11-10 21:00:00', 'Confirmed', 'https://placehold.co/ardhil-hali-59.pdf', 'https://placehold.co/confirmation-59.pdf', 'https://placehold.co/contract-59.pdf', 'https://placehold.co/birth-cert-59.pdf', 'cmd06xe1x0000e6bqalx28nja');
INSERT INTO public."Employee" VALUES ('emp_060', 'emp_entity_60', 'Accountant Said Ali Khamis', 'Male', 'https://placehold.co/150x150.png?text=AS', '1972-07-04 21:00:00', 'Vitongoji', 'Kaskazini Unguja', 'Tanzania', '1906750600', '0777-696604', 'P.O. Box 6794, Wete, Zanzibar', 'ZSSF060', 'PAY0060', 'Senior Accountant', 'ZPS 5.1', 'Ofisi ya Msajili wa Hazina', 'Financial Management', 'Permanent', 'Full-time', '2000-08-21 21:00:00', 'Director of Financial Management', 'Head Office', '2000-08-21 21:00:00', '2001-09-11 11:12:39.998', '2032-07-04 21:00:00', 'Confirmed', 'https://placehold.co/ardhil-hali-60.pdf', 'https://placehold.co/confirmation-60.pdf', 'https://placehold.co/contract-60.pdf', 'https://placehold.co/birth-cert-60.pdf', 'cmd06xe1x0000e6bqalx28nja');
INSERT INTO public."Employee" VALUES ('emp_061', 'emp_entity_61', 'Auditor Mwanajuma Omar', 'Female', 'https://placehold.co/150x150.png?text=AM', '1982-08-06 21:00:00', 'Stone Town', 'Kusini Unguja', 'Tanzania', '1907800610', '0777-959438', 'P.O. Box 4327, Chake Chake, Zanzibar', 'ZSSF061', 'PAY0061', 'Internal Auditor', 'ZPS 4.2', 'Ofisi ya Msajili wa Hazina', 'Internal Audit', 'Permanent', 'Full-time', '2015-06-15 21:00:00', 'Director of Internal Audit', 'Head Office', '2015-06-15 21:00:00', '2016-10-04 19:58:02.417', '2042-08-06 21:00:00', 'Confirmed', 'https://placehold.co/ardhil-hali-61.pdf', 'https://placehold.co/confirmation-61.pdf', 'https://placehold.co/contract-61.pdf', 'https://placehold.co/birth-cert-61.pdf', 'cmd06xe1x0000e6bqalx28nja');
INSERT INTO public."Employee" VALUES ('emp_062', 'emp_entity_62', 'Metrologist Dr. Hassan Ali', 'Male', 'https://placehold.co/150x150.png?text=MD', '1969-04-10 21:00:00', 'Mkoani', 'Mjini Magharibi', 'Tanzania', '1905720620', '0777-236972', 'P.O. Box 2510, Nungwi, Zanzibar', 'ZSSF062', 'PAY0062', 'Chief Metrologist', 'ZPS 6.2', 'Wakala wa Vipimo Zanzibar', 'Standards', 'Permanent', 'Full-time', '2005-04-25 21:00:00', 'Director of Standards', 'Head Office', '2005-04-25 21:00:00', '2006-12-31 10:54:41.118', '2029-04-10 21:00:00', 'Confirmed', 'https://placehold.co/ardhil-hali-62.pdf', 'https://placehold.co/confirmation-62.pdf', 'https://placehold.co/contract-62.pdf', 'https://placehold.co/birth-cert-62.pdf', 'cmd06xe250002e6bqp8aabk92');
INSERT INTO public."Employee" VALUES ('emp_063', 'emp_entity_63', 'Engineer Fatma Said Omar', 'Female', 'https://placehold.co/150x150.png?text=EF', '1966-11-03 21:00:00', 'Stone Town', 'Kaskazini Unguja', 'Tanzania', '1906770630', '0777-872651', 'P.O. Box 7372, Vitongoji, Zanzibar', 'ZSSF063', 'PAY0063', 'Calibration Engineer', 'ZPS 5.1', 'Wakala wa Vipimo Zanzibar', 'Calibration Services', 'Permanent', 'Full-time', '2002-03-19 21:00:00', 'Director of Calibration Services', 'Head Office', '2002-03-19 21:00:00', '2003-08-16 00:27:43.407', '2026-11-03 21:00:00', 'Confirmed', 'https://placehold.co/ardhil-hali-63.pdf', 'https://placehold.co/confirmation-63.pdf', 'https://placehold.co/contract-63.pdf', 'https://placehold.co/birth-cert-63.pdf', 'cmd06xe250002e6bqp8aabk92');
INSERT INTO public."Employee" VALUES ('emp_064', 'emp_entity_64', 'Technician Ahmed Hassan', 'Male', 'https://placehold.co/150x150.png?text=TA', '1976-08-18 21:00:00', 'Mkokotoni', 'Mjini Magharibi', 'Tanzania', '1907820640', '0777-829773', 'P.O. Box 3354, Stone Town, Zanzibar', 'ZSSF064', 'PAY0064', 'Laboratory Technician', 'ZPS 3.2', 'Wakala wa Vipimo Zanzibar', 'Testing Laboratory', 'Permanent', 'Full-time', '2006-12-06 21:00:00', 'Director of Testing Laboratory', 'Head Office', '2006-12-06 21:00:00', NULL, '2036-08-18 21:00:00', 'On Probation', 'https://placehold.co/ardhil-hali-64.pdf', NULL, 'https://placehold.co/contract-64.pdf', 'https://placehold.co/birth-cert-64.pdf', 'cmd06xe250002e6bqp8aabk92');
INSERT INTO public."Employee" VALUES ('emp_065', 'emp_entity_65', 'Judge (Rtd) Ali Mohamed', 'Male', 'https://placehold.co/150x150.png?text=J(', '1950-03-09 21:00:00', 'Kizimbani', 'Kaskazini Unguja', 'Tanzania', '1905740650', '0777-787602', 'P.O. Box 1983, Stone Town, Zanzibar', 'ZSSF065', 'PAY0065', 'Chairman', 'ZPS 9.2', 'KAMISHENI YA UTUMISHI WA UMMA', 'Commission', 'Permanent', 'Full-time', '1979-04-09 21:00:00', 'Director of Commission', 'Head Office', '1979-04-09 21:00:00', '1980-11-13 16:21:25.088', '2010-03-09 21:00:00', 'Confirmed', 'https://placehold.co/ardhil-hali-65.pdf', 'https://placehold.co/confirmation-65.pdf', 'https://placehold.co/contract-65.pdf', 'https://placehold.co/birth-cert-65.pdf', 'cmd06xe2a0004e6bqwbtjm4x9');
INSERT INTO public."Employee" VALUES ('emp_067', 'emp_entity_67', 'HR Specialist Juma Ali', 'Male', 'https://placehold.co/150x150.png?text=HS', '1966-11-09 21:00:00', 'Wete', 'Kaskazini Unguja', 'Tanzania', '1907840670', '0777-793057', 'P.O. Box 5349, Mkoani, Zanzibar', 'ZSSF067', 'PAY0067', 'HR Development Officer', 'ZPS 5.2', 'KAMISHENI YA UTUMISHI WA UMMA', 'Human Resources', 'Permanent', 'Full-time', '2001-05-17 21:00:00', 'Director of Human Resources', 'Head Office', '2001-05-17 21:00:00', '2003-05-05 14:13:36.219', '2026-11-09 21:00:00', 'Confirmed', 'https://placehold.co/ardhil-hali-67.pdf', 'https://placehold.co/confirmation-67.pdf', 'https://placehold.co/contract-67.pdf', 'https://placehold.co/birth-cert-67.pdf', 'cmd06xe2a0004e6bqwbtjm4x9');
INSERT INTO public."Employee" VALUES ('emp_068', 'emp_entity_68', 'IT Director Dr. Omar Hassan', 'Male', 'https://placehold.co/150x150.png?text=ID', '1974-03-05 21:00:00', 'Nungwi', 'Kaskazini Pemba', 'Tanzania', '1905760680', '0777-950797', 'P.O. Box 3920, Kizimbani, Zanzibar', 'ZSSF068', 'PAY0068', 'Chief Technology Officer', 'ZPS 7.1', 'WAKALA WA SERIKALI MTANDAO (eGAZ)', 'ICT Strategy', 'Permanent', 'Full-time', '2009-03-12 21:00:00', 'Director of ICT Strategy', 'Head Office', '2009-03-12 21:00:00', '2010-09-29 03:49:39.713', '2034-03-05 21:00:00', 'Confirmed', 'https://placehold.co/ardhil-hali-68.pdf', 'https://placehold.co/confirmation-68.pdf', 'https://placehold.co/contract-68.pdf', 'https://placehold.co/birth-cert-68.pdf', 'cmd06xe2c0005e6bqulk6iu8g');
INSERT INTO public."Employee" VALUES ('emp_069', 'emp_entity_69', 'Cyber Security Expert Amina', 'Female', 'https://placehold.co/150x150.png?text=CS', '1984-01-08 21:00:00', 'Mkokotoni', 'Mjini Magharibi', 'Tanzania', '1906810690', '0777-448237', 'P.O. Box 1695, Wete, Zanzibar', 'ZSSF069', 'PAY0069', 'Security Analyst', 'ZPS 6.1', 'WAKALA WA SERIKALI MTANDAO (eGAZ)', 'Cyber Security', 'Permanent', 'Full-time', '2012-06-22 21:00:00', 'Director of Cyber Security', 'Head Office', '2012-06-22 21:00:00', '2014-05-05 03:26:32.853', '2044-01-08 21:00:00', 'Confirmed', 'https://placehold.co/ardhil-hali-69.pdf', 'https://placehold.co/confirmation-69.pdf', 'https://placehold.co/contract-69.pdf', 'https://placehold.co/birth-cert-69.pdf', 'cmd06xe2c0005e6bqulk6iu8g');
INSERT INTO public."Employee" VALUES ('emp_070', 'emp_entity_70', 'Web Developer Said Omar', 'Male', 'https://placehold.co/150x150.png?text=WD', '1974-01-08 21:00:00', 'Chake Chake', 'Mjini Magharibi', 'Tanzania', '1907860700', '0777-949429', 'P.O. Box 7549, Wete, Zanzibar', 'ZSSF070', 'PAY0070', 'Software Developer', 'ZPS 4.2', 'WAKALA WA SERIKALI MTANDAO (eGAZ)', 'Development', 'Permanent', 'Full-time', '2012-04-16 21:00:00', 'Director of Development', 'Head Office', '2012-04-16 21:00:00', NULL, '2034-01-08 21:00:00', 'On Probation', 'https://placehold.co/ardhil-hali-70.pdf', NULL, 'https://placehold.co/contract-70.pdf', 'https://placehold.co/birth-cert-70.pdf', 'cmd06xe2c0005e6bqulk6iu8g');
INSERT INTO public."Employee" VALUES ('emp_071', 'emp_entity_71', 'Database Admin Fatma Ali', 'Female', 'https://placehold.co/150x150.png?text=DA', '1969-08-11 21:00:00', 'Chake Chake', 'Kusini Pemba', 'Tanzania', '1908910710', '0777-150361', 'P.O. Box 5159, Chake Chake, Zanzibar', 'ZSSF071', 'PAY0071', 'Database Administrator', 'ZPS 5.1', 'WAKALA WA SERIKALI MTANDAO (eGAZ)', 'Data Management', 'Permanent', 'Full-time', '2003-01-27 21:00:00', 'Director of Data Management', 'Head Office', '2003-01-27 21:00:00', '2005-01-10 19:47:33.685', '2029-08-11 21:00:00', 'Confirmed', 'https://placehold.co/ardhil-hali-71.pdf', 'https://placehold.co/confirmation-71.pdf', 'https://placehold.co/contract-71.pdf', 'https://placehold.co/birth-cert-71.pdf', 'cmd06xe2c0005e6bqulk6iu8g');
INSERT INTO public."Employee" VALUES ('emp_072', 'emp_entity_72', 'Surveyor General Hassan', 'Male', 'https://placehold.co/150x150.png?text=SG', '1952-11-07 21:00:00', 'Mkoani', 'Kaskazini Unguja', 'Tanzania', '1905780720', '0777-412273', 'P.O. Box 5923, Wete, Zanzibar', 'ZSSF072', 'PAY0072', 'Chairman', 'ZPS 8.2', 'Kamisheni ya Ardhi Zanzibar', 'Land Administration', 'Permanent', 'Full-time', '1980-08-15 21:00:00', 'Director of Land Administration', 'Head Office', '1980-08-15 21:00:00', '1982-02-05 10:34:39.843', '2012-11-07 21:00:00', 'Confirmed', 'https://placehold.co/ardhil-hali-72.pdf', 'https://placehold.co/confirmation-72.pdf', 'https://placehold.co/contract-72.pdf', 'https://placehold.co/birth-cert-72.pdf', 'cmd06xe2h0007e6bqta680e3b');
INSERT INTO public."Employee" VALUES ('emp_073', 'emp_entity_73', 'Land Lawyer Dr. Mwanajuma', 'Female', 'https://placehold.co/150x150.png?text=LL', '1969-06-01 21:00:00', 'Vitongoji', 'Kusini Pemba', 'Tanzania', '1906830730', '0777-459325', 'P.O. Box 1360, Wete, Zanzibar', 'ZSSF073', 'PAY0073', 'Legal Advisor', 'ZPS 6.2', 'Kamisheni ya Ardhi Zanzibar', 'Land Law', 'Permanent', 'Full-time', '2006-03-04 21:00:00', 'Director of Land Law', 'Head Office', '2006-03-04 21:00:00', '2007-11-20 03:46:56.773', '2029-06-01 21:00:00', 'Confirmed', 'https://placehold.co/ardhil-hali-73.pdf', 'https://placehold.co/confirmation-73.pdf', 'https://placehold.co/contract-73.pdf', 'https://placehold.co/birth-cert-73.pdf', 'cmd06xe2h0007e6bqta680e3b');
INSERT INTO public."Employee" VALUES ('emp_074', 'emp_entity_74', 'Cartographer Ahmed Said', 'Male', 'https://placehold.co/150x150.png?text=CA', '1973-07-31 21:00:00', 'Wete', 'Kaskazini Pemba', 'Tanzania', '1907880740', '0777-577798', 'P.O. Box 3292, Wete, Zanzibar', 'ZSSF074', 'PAY0074', 'Senior Cartographer', 'ZPS 5.1', 'Kamisheni ya Ardhi Zanzibar', 'Mapping', 'Permanent', 'Full-time', '2004-01-16 21:00:00', 'Director of Mapping', 'Head Office', '2004-01-16 21:00:00', '2005-05-28 05:47:13.096', '2033-07-31 21:00:00', 'Confirmed', 'https://placehold.co/ardhil-hali-74.pdf', 'https://placehold.co/confirmation-74.pdf', 'https://placehold.co/contract-74.pdf', 'https://placehold.co/birth-cert-74.pdf', 'cmd06xe2h0007e6bqta680e3b');
INSERT INTO public."Employee" VALUES ('emp_075', 'emp_entity_75', 'CPA Dr. Ali Hassan Omar', 'Male', 'https://placehold.co/150x150.png?text=CD', '1977-07-19 21:00:00', 'Bububu', 'Mjini Magharibi', 'Tanzania', '1905800750', '0777-931022', 'P.O. Box 2514, Stone Town, Zanzibar', 'ZSSF075', 'PAY0075', 'Accountant General', 'ZPS 8.2', 'Ofisi ya Mhasibu Mkuu wa Serikali', 'Government Accounting', 'Permanent', 'Full-time', '2003-09-08 21:00:00', 'Director of Government Accounting', 'Head Office', '2003-09-08 21:00:00', '2004-10-09 02:50:36.835', '2037-07-19 21:00:00', 'Confirmed', 'https://placehold.co/ardhil-hali-75.pdf', 'https://placehold.co/confirmation-75.pdf', 'https://placehold.co/contract-75.pdf', 'https://placehold.co/birth-cert-75.pdf', 'cmd06xe2j0008e6bqqpmbs9bv');
INSERT INTO public."Employee" VALUES ('emp_076', 'emp_entity_76', 'Budget Analyst Fatma Juma', 'Female', 'https://placehold.co/150x150.png?text=BA', '1987-11-21 21:00:00', 'Mkoani', 'Kusini Unguja', 'Tanzania', '1906850760', '0777-661921', 'P.O. Box 1392, Kizimbani, Zanzibar', 'ZSSF076', 'PAY0076', 'Principal Budget Officer', 'ZPS 6.1', 'Ofisi ya Mhasibu Mkuu wa Serikali', 'Budget Analysis', 'Permanent', 'Full-time', '2024-02-06 21:00:00', 'Director of Budget Analysis', 'Head Office', '2024-02-06 21:00:00', '2026-01-31 12:09:34.436', '2047-11-21 21:00:00', 'Confirmed', 'https://placehold.co/ardhil-hali-76.pdf', 'https://placehold.co/confirmation-76.pdf', 'https://placehold.co/contract-76.pdf', 'https://placehold.co/birth-cert-76.pdf', 'cmd06xe2j0008e6bqqpmbs9bv');
INSERT INTO public."Employee" VALUES ('emp_077', 'emp_entity_77', 'Financial Controller Said', 'Male', 'https://placehold.co/150x150.png?text=FC', '1972-10-06 21:00:00', 'Bububu', 'Kusini Unguja', 'Tanzania', '1907900770', '0777-547427', 'P.O. Box 2203, Wete, Zanzibar', 'ZSSF077', 'PAY0077', 'Financial Controller', 'ZPS 5.2', 'Ofisi ya Mhasibu Mkuu wa Serikali', 'Financial Control', 'Permanent', 'Full-time', '2011-10-24 21:00:00', 'Director of Financial Control', 'Head Office', '2011-10-24 21:00:00', '2012-11-11 07:42:44.697', '2032-10-06 21:00:00', 'Confirmed', 'https://placehold.co/ardhil-hali-77.pdf', 'https://placehold.co/confirmation-77.pdf', 'https://placehold.co/contract-77.pdf', 'https://placehold.co/birth-cert-77.pdf', 'cmd06xe2j0008e6bqqpmbs9bv');
INSERT INTO public."Employee" VALUES ('emp_078', 'emp_entity_78', 'Chief Archivist Dr. Mwanajuma', 'Female', 'https://placehold.co/150x150.png?text=CA', '1959-12-18 21:00:00', 'Mkoani', 'Kusini Unguja', 'Tanzania', '1906870780', '0777-334903', 'P.O. Box 4701, Stone Town, Zanzibar', 'ZSSF078', 'PAY0078', 'Chief Archivist', 'ZPS 6.2', 'TAASISI YA NYARAKA NA KUMBUKUMBU', 'Archives Management', 'Permanent', 'Full-time', '1989-09-02 21:00:00', 'Director of Archives Management', 'Head Office', '1989-09-02 21:00:00', '1991-07-13 16:25:20.096', '2019-12-18 21:00:00', 'Confirmed', 'https://placehold.co/ardhil-hali-78.pdf', 'https://placehold.co/confirmation-78.pdf', 'https://placehold.co/contract-78.pdf', 'https://placehold.co/birth-cert-78.pdf', 'cmd06xe2m0009e6bq0ps9u9ut');
INSERT INTO public."Employee" VALUES ('emp_080', 'emp_entity_80', 'Librarian Amina Omar', 'Female', 'https://placehold.co/150x150.png?text=LA', '1983-05-02 21:00:00', 'Vitongoji', 'Kaskazini Pemba', 'Tanzania', '1908970800', '0777-787558', 'P.O. Box 8998, Bububu, Zanzibar', 'ZSSF080', 'PAY0080', 'Research Librarian', 'ZPS 4.1', 'TAASISI YA NYARAKA NA KUMBUKUMBU', 'Research Services', 'Permanent', 'Full-time', '2018-06-25 21:00:00', 'Director of Research Services', 'Head Office', '2018-06-25 21:00:00', NULL, '2043-05-02 21:00:00', 'On Probation', 'https://placehold.co/ardhil-hali-80.pdf', NULL, 'https://placehold.co/contract-80.pdf', 'https://placehold.co/birth-cert-80.pdf', 'cmd06xe2m0009e6bq0ps9u9ut');
INSERT INTO public."Employee" VALUES ('emp_081', 'emp_entity_81', 'Economist Dr. Omar Juma', 'Male', 'https://placehold.co/150x150.png?text=ED', '1970-04-08 21:00:00', 'Wete', 'Kusini Unguja', 'Tanzania', '1905890810', '0777-723541', 'P.O. Box 7399, Wete, Zanzibar', 'ZSSF081', 'PAY0081', 'Chief Economist', 'ZPS 7.2', 'AFISI YA RAISI KAZI, UCHUMI NA UWEKEZAJI', 'Economic Policy', 'Permanent', 'Full-time', '1995-03-21 21:00:00', 'Director of Economic Policy', 'Head Office', '1995-03-21 21:00:00', '1996-08-26 10:58:07.614', '2030-04-08 21:00:00', 'Confirmed', 'https://placehold.co/ardhil-hali-81.pdf', 'https://placehold.co/confirmation-81.pdf', 'https://placehold.co/contract-81.pdf', 'https://placehold.co/birth-cert-81.pdf', 'cmd06xe2o000ae6bquqbkbg4z');
INSERT INTO public."Employee" VALUES ('emp_082', 'emp_entity_82', 'Investment Analyst Zeinab', 'Female', 'https://placehold.co/150x150.png?text=IA', '1971-04-30 21:00:00', 'Mkoani', 'Kusini Pemba', 'Tanzania', '1906940820', '0777-949092', 'P.O. Box 2017, Mkoani, Zanzibar', 'ZSSF082', 'PAY0082', 'Senior Investment Officer', 'ZPS 5.2', 'AFISI YA RAISI KAZI, UCHUMI NA UWEKEZAJI', 'Investment Promotion', 'Permanent', 'Full-time', '2004-10-13 21:00:00', 'Director of Investment Promotion', 'Head Office', '2004-10-13 21:00:00', '2005-12-08 13:45:52.012', '2031-04-30 21:00:00', 'Confirmed', 'https://placehold.co/ardhil-hali-82.pdf', 'https://placehold.co/confirmation-82.pdf', 'https://placehold.co/contract-82.pdf', 'https://placehold.co/birth-cert-82.pdf', 'cmd06xe2o000ae6bquqbkbg4z');
INSERT INTO public."Employee" VALUES ('emp_083', 'emp_entity_83', 'Statistics Officer Ahmed', 'Male', 'https://placehold.co/150x150.png?text=SO', '1967-01-14 21:00:00', 'Vitongoji', 'Kaskazini Unguja', 'Tanzania', '1907990830', '0777-162075', 'P.O. Box 1915, Nungwi, Zanzibar', 'ZSSF083', 'PAY0083', 'Principal Statistician', 'ZPS 5.1', 'AFISI YA RAISI KAZI, UCHUMI NA UWEKEZAJI', 'Economic Statistics', 'Permanent', 'Full-time', '1996-04-06 21:00:00', 'Director of Economic Statistics', 'Head Office', '1996-04-06 21:00:00', '1997-06-28 08:17:12.41', '2027-01-14 21:00:00', 'Confirmed', 'https://placehold.co/ardhil-hali-83.pdf', 'https://placehold.co/confirmation-83.pdf', 'https://placehold.co/contract-83.pdf', 'https://placehold.co/birth-cert-83.pdf', 'cmd06xe2o000ae6bquqbkbg4z');
INSERT INTO public."Employee" VALUES ('emp_084', 'emp_entity_84', 'Tourism Expert Dr. Hassan', 'Male', 'https://placehold.co/150x150.png?text=TE', '1962-04-24 21:00:00', 'Mahonda', 'Kusini Pemba', 'Tanzania', '1905910840', '0777-810515', 'P.O. Box 6866, Bububu, Zanzibar', 'ZSSF084', 'PAY0084', 'Director General', 'ZPS 7.2', 'KAMISHENI YA UTALII ZANZIBAR', 'Tourism Development', 'Permanent', 'Full-time', '2001-07-07 21:00:00', 'Director of Tourism Development', 'Head Office', '2001-07-07 21:00:00', '2003-01-17 12:31:12.526', '2022-04-24 21:00:00', 'Confirmed', 'https://placehold.co/ardhil-hali-84.pdf', 'https://placehold.co/confirmation-84.pdf', 'https://placehold.co/contract-84.pdf', 'https://placehold.co/birth-cert-84.pdf', 'cmd06xe2r000be6bqrqhwhbq1');
INSERT INTO public."Employee" VALUES ('emp_085', 'emp_entity_85', 'Marketing Manager Fatma', 'Female', 'https://placehold.co/150x150.png?text=MM', '1952-09-30 21:00:00', 'Mahonda', 'Kaskazini Pemba', 'Tanzania', '1906960850', '0777-329294', 'P.O. Box 9274, Mkoani, Zanzibar', 'ZSSF085', 'PAY0085', 'Marketing Director', 'ZPS 6.1', 'KAMISHENI YA UTALII ZANZIBAR', 'Tourism Marketing', 'Permanent', 'Full-time', '1989-04-02 21:00:00', 'Director of Tourism Marketing', 'Head Office', '1989-04-02 21:00:00', '1991-02-15 05:48:54.748', '2012-09-30 21:00:00', 'Confirmed', 'https://placehold.co/ardhil-hali-85.pdf', 'https://placehold.co/confirmation-85.pdf', 'https://placehold.co/contract-85.pdf', 'https://placehold.co/birth-cert-85.pdf', 'cmd06xe2r000be6bqrqhwhbq1');
INSERT INTO public."Employee" VALUES ('emp_086', 'emp_entity_86', 'Tour Guide Coordinator Said', 'Male', 'https://placehold.co/150x150.png?text=TG', '1955-03-08 21:00:00', 'Chake Chake', 'Kaskazini Pemba', 'Tanzania', '1908010860', '0777-156395', 'P.O. Box 5947, Stone Town, Zanzibar', 'ZSSF086', 'PAY0086', 'Senior Tourism Officer', 'ZPS 4.2', 'KAMISHENI YA UTALII ZANZIBAR', 'Tourism Services', 'Permanent', 'Full-time', '1992-11-20 21:00:00', 'Director of Tourism Services', 'Head Office', '1992-11-20 21:00:00', NULL, '2015-03-08 21:00:00', 'On Probation', 'https://placehold.co/ardhil-hali-86.pdf', NULL, 'https://placehold.co/contract-86.pdf', 'https://placehold.co/birth-cert-86.pdf', 'cmd06xe2r000be6bqrqhwhbq1');
INSERT INTO public."Employee" VALUES ('emp_087', 'emp_entity_87', 'Labour Economist Dr. Ali', 'Male', 'https://placehold.co/150x150.png?text=LE', '1962-01-31 21:00:00', 'Nungwi', 'Mjini Magharibi', 'Tanzania', '1905930870', '0777-149653', 'P.O. Box 6436, Vitongoji, Zanzibar', 'ZSSF087', 'PAY0087', 'Director of Employment', 'ZPS 6.2', 'SEKRETARIETI YA AJIRA', 'Employment Policy', 'Permanent', 'Full-time', '1996-06-21 21:00:00', 'Director of Employment Policy', 'Head Office', '1996-06-21 21:00:00', '1998-01-12 01:07:58.747', '2022-01-31 21:00:00', 'Confirmed', 'https://placehold.co/ardhil-hali-87.pdf', 'https://placehold.co/confirmation-87.pdf', 'https://placehold.co/contract-87.pdf', 'https://placehold.co/birth-cert-87.pdf', 'cmd06xe3e000le6bqscwfh5be');
INSERT INTO public."Employee" VALUES ('emp_088', 'emp_entity_88', 'Career Counselor Amina', 'Female', 'https://placehold.co/150x150.png?text=CC', '1976-01-13 21:00:00', 'Chake Chake', 'Mjini Magharibi', 'Tanzania', '1906980880', '0777-489539', 'P.O. Box 1970, Stone Town, Zanzibar', 'ZSSF088', 'PAY0088', 'Principal Career Officer', 'ZPS 5.1', 'SEKRETARIETI YA AJIRA', 'Career Development', 'Permanent', 'Full-time', '2003-09-14 21:00:00', 'Director of Career Development', 'Head Office', '2003-09-14 21:00:00', '2005-02-21 01:41:09.235', '2036-01-13 21:00:00', 'Confirmed', 'https://placehold.co/ardhil-hali-88.pdf', 'https://placehold.co/confirmation-88.pdf', 'https://placehold.co/contract-88.pdf', 'https://placehold.co/birth-cert-88.pdf', 'cmd06xe3e000le6bqscwfh5be');
INSERT INTO public."Employee" VALUES ('emp_089', 'emp_entity_89', 'Skills Development Officer', 'Male', 'https://placehold.co/150x150.png?text=SD', '1980-12-23 21:00:00', 'Bububu', 'Kaskazini Unguja', 'Tanzania', '1908030890', '0777-898172', 'P.O. Box 8696, Kizimbani, Zanzibar', 'ZSSF089', 'PAY0089', 'Training Coordinator', 'ZPS 4.1', 'SEKRETARIETI YA AJIRA', 'Skills Training', 'Permanent', 'Full-time', '2015-11-24 21:00:00', 'Director of Skills Training', 'Head Office', '2015-11-24 21:00:00', '2017-07-04 13:06:10.984', '2040-12-23 21:00:00', 'Confirmed', 'https://placehold.co/ardhil-hali-89.pdf', 'https://placehold.co/confirmation-89.pdf', 'https://placehold.co/contract-89.pdf', 'https://placehold.co/birth-cert-89.pdf', 'cmd06xe3e000le6bqscwfh5be');
INSERT INTO public."Employee" VALUES ('emp_090', 'emp_entity_90', 'Education Researcher Prof. Omar', 'Male', 'https://placehold.co/150x150.png?text=ER', '1951-09-15 21:00:00', 'Mahonda', 'Mjini Magharibi', 'Tanzania', '1905950900', '0777-933644', 'P.O. Box 6757, Kizimbani, Zanzibar', 'ZSSF090', 'PAY0090', 'Director of Research', 'ZPS 7.1', 'TAASISI YA ELIMU YA ZANZIBAR', 'Educational Research', 'Permanent', 'Full-time', '1977-10-14 21:00:00', 'Director of Educational Research', 'Head Office', '1977-10-14 21:00:00', '1979-06-26 09:30:45.319', '2011-09-15 21:00:00', 'Confirmed', 'https://placehold.co/ardhil-hali-90.pdf', 'https://placehold.co/confirmation-90.pdf', 'https://placehold.co/contract-90.pdf', 'https://placehold.co/birth-cert-90.pdf', 'cmd06xe2w000de6bqzqo9qu3m');
INSERT INTO public."Employee" VALUES ('emp_091', 'emp_entity_91', 'Curriculum Developer Dr. Fatma', 'Female', 'https://placehold.co/150x150.png?text=CD', '1980-03-17 21:00:00', 'Chake Chake', 'Mjini Magharibi', 'Tanzania', '1907000910', '0777-401817', 'P.O. Box 5815, Vitongoji, Zanzibar', 'ZSSF091', 'PAY0091', 'Curriculum Specialist', 'ZPS 6.1', 'TAASISI YA ELIMU YA ZANZIBAR', 'Curriculum Development', 'Permanent', 'Full-time', '2008-01-24 21:00:00', 'Director of Curriculum Development', 'Head Office', '2008-01-24 21:00:00', '2009-09-07 22:13:47.532', '2040-03-17 21:00:00', 'Confirmed', 'https://placehold.co/ardhil-hali-91.pdf', 'https://placehold.co/confirmation-91.pdf', 'https://placehold.co/contract-91.pdf', 'https://placehold.co/birth-cert-91.pdf', 'cmd06xe2w000de6bqzqo9qu3m');
INSERT INTO public."Employee" VALUES ('emp_011', 'emp_entity_11', 'Rashid Mohammed Omar', 'Male', 'https://placehold.co/150x150.png?text=RMO', '1978-02-13 21:00:00', 'Stone Town', 'Kusini Pemba', 'Tanzania', '1909900110', '0777-293532', 'P.O. Box 8520, Kizimbani, Zanzibar', 'ZSSF011', 'PAY0011', 'Education Officer', 'ZPS 4.1', 'WIZARA YA ELIMU NA MAFUNZO YA AMALI', 'Teacher Training', 'Permanent', 'Full-time', '2021-02-17 21:00:00', 'Director of Teacher Training', 'Head Office', '2021-02-17 21:00:00', NULL, '2038-02-13 21:00:00', 'On Probation', 'https://placehold.co/ardhil-hali-11.pdf', NULL, 'https://placehold.co/contract-11.pdf', 'https://placehold.co/birth-cert-11.pdf', 'cmd06nn7r0002e67w8df8thtn');
INSERT INTO public."Employee" VALUES ('emp_093', 'emp_entity_93', 'Emergency Manager Dr. Said', 'Male', 'https://placehold.co/150x150.png?text=EM', '1950-03-13 21:00:00', 'Kizimbani', 'Kaskazini Pemba', 'Tanzania', '1905970930', '0777-944204', 'P.O. Box 2121, Nungwi, Zanzibar', 'ZSSF093', 'PAY0093', 'Director General', 'ZPS 7.2', 'KAMISHENI YA KUKABILIANA NA MAAFA ZANZIBAR', 'Disaster Management', 'Permanent', 'Full-time', '1985-03-02 21:00:00', 'Director of Disaster Management', 'Head Office', '1985-03-02 21:00:00', '1986-12-23 20:49:41.9', '2010-03-13 21:00:00', 'Confirmed', 'https://placehold.co/ardhil-hali-93.pdf', 'https://placehold.co/confirmation-93.pdf', 'https://placehold.co/contract-93.pdf', 'https://placehold.co/birth-cert-93.pdf', 'cmd06xe2y000ee6bqel875c2s');
INSERT INTO public."Employee" VALUES ('emp_094', 'emp_entity_94', 'Risk Assessment Expert Zeinab', 'Female', 'https://placehold.co/150x150.png?text=RA', '1984-07-15 21:00:00', 'Nungwi', 'Kaskazini Unguja', 'Tanzania', '1907020940', '0777-828508', 'P.O. Box 8232, Kizimbani, Zanzibar', 'ZSSF094', 'PAY0094', 'Risk Analysis Officer', 'ZPS 5.2', 'KAMISHENI YA KUKABILIANA NA MAAFA ZANZIBAR', 'Risk Assessment', 'Permanent', 'Full-time', '2023-07-20 21:00:00', 'Director of Risk Assessment', 'Head Office', '2023-07-20 21:00:00', '2025-06-27 15:08:43.053', '2044-07-15 21:00:00', 'Confirmed', 'https://placehold.co/ardhil-hali-94.pdf', 'https://placehold.co/confirmation-94.pdf', 'https://placehold.co/contract-94.pdf', 'https://placehold.co/birth-cert-94.pdf', 'cmd06xe2y000ee6bqel875c2s');
INSERT INTO public."Employee" VALUES ('emp_095', 'emp_entity_95', 'Emergency Response Coordinator', 'Male', 'https://placehold.co/150x150.png?text=ER', '1985-07-15 21:00:00', 'Chake Chake', 'Kusini Pemba', 'Tanzania', '1908070950', '0777-167103', 'P.O. Box 8173, Mkokotoni, Zanzibar', 'ZSSF095', 'PAY0095', 'Response Coordinator', 'ZPS 4.2', 'KAMISHENI YA KUKABILIANA NA MAAFA ZANZIBAR', 'Emergency Response', 'Permanent', 'Full-time', '2015-02-06 21:00:00', 'Director of Emergency Response', 'Head Office', '2015-02-06 21:00:00', NULL, '2045-07-15 21:00:00', 'On Probation', 'https://placehold.co/ardhil-hali-95.pdf', NULL, 'https://placehold.co/contract-95.pdf', 'https://placehold.co/birth-cert-95.pdf', 'cmd06xe2y000ee6bqel875c2s');
INSERT INTO public."Employee" VALUES ('emp_096', 'emp_entity_96', 'Construction Manager Eng. Ali', 'Male', 'https://placehold.co/150x150.png?text=CM', '1956-07-26 21:00:00', 'Mahonda', 'Kaskazini Unguja', 'Tanzania', '1905990960', '0777-130180', 'P.O. Box 5388, Nungwi, Zanzibar', 'ZSSF096', 'PAY0096', 'Chief Executive Officer', 'ZPS 7.2', 'WAKALA WA MAJENGO ZANZIBAR', 'Construction Management', 'Permanent', 'Full-time', '1991-11-22 21:00:00', 'Director of Construction Management', 'Head Office', '1991-11-22 21:00:00', '1993-05-17 22:37:29.811', '2016-07-26 21:00:00', 'Confirmed', 'https://placehold.co/ardhil-hali-96.pdf', 'https://placehold.co/confirmation-96.pdf', 'https://placehold.co/contract-96.pdf', 'https://placehold.co/birth-cert-96.pdf', 'cmd06xe30000fe6bqe6ljiz1v');
INSERT INTO public."Employee" VALUES ('emp_097', 'emp_entity_97', 'Quantity Surveyor Amina', 'Female', 'https://placehold.co/150x150.png?text=QS', '1977-10-14 21:00:00', 'Stone Town', 'Kusini Unguja', 'Tanzania', '1907040970', '0777-196266', 'P.O. Box 9278, Stone Town, Zanzibar', 'ZSSF097', 'PAY0097', 'Principal Quantity Surveyor', 'ZPS 6.1', 'WAKALA WA MAJENGO ZANZIBAR', 'Cost Estimation', 'Permanent', 'Full-time', '2014-11-05 21:00:00', 'Director of Cost Estimation', 'Head Office', '2014-11-05 21:00:00', '2016-01-24 21:03:00.019', '2037-10-14 21:00:00', 'Confirmed', 'https://placehold.co/ardhil-hali-97.pdf', 'https://placehold.co/confirmation-97.pdf', 'https://placehold.co/contract-97.pdf', 'https://placehold.co/birth-cert-97.pdf', 'cmd06xe30000fe6bqe6ljiz1v');
INSERT INTO public."Employee" VALUES ('emp_098', 'emp_entity_98', 'Site Supervisor Hassan', 'Male', 'https://placehold.co/150x150.png?text=SS', '1966-02-19 21:00:00', 'Mkoani', 'Kusini Pemba', 'Tanzania', '1908090980', '0777-507757', 'P.O. Box 3411, Vitongoji, Zanzibar', 'ZSSF098', 'PAY0098', 'Construction Supervisor', 'ZPS 4.1', 'WAKALA WA MAJENGO ZANZIBAR', 'Site Management', 'Permanent', 'Full-time', '1995-03-11 21:00:00', 'Director of Site Management', 'Head Office', '1995-03-11 21:00:00', '1996-10-23 19:09:10.141', '2026-02-19 21:00:00', 'Confirmed', 'https://placehold.co/ardhil-hali-98.pdf', 'https://placehold.co/confirmation-98.pdf', 'https://placehold.co/contract-98.pdf', 'https://placehold.co/birth-cert-98.pdf', 'cmd06xe30000fe6bqe6ljiz1v');
INSERT INTO public."Employee" VALUES ('emp_099', 'emp_entity_99', 'Mhe. Dr. Seif Sharif Hamad', 'Male', 'https://placehold.co/150x150.png?text=MD', '1973-04-12 21:00:00', 'Koani', 'Kusini Unguja', 'Tanzania', '1905550560', '0777-229309', 'P.O. Box 6508, Koani, Zanzibar', 'ZSSF099', 'PAY0099', 'Regional Commissioner', 'ZPS 8.2', 'Ofisi ya Mkuu wa Mkoa wa Kusini Unguja', 'Regional Administration', 'Permanent', 'Full-time', '2008-05-03 21:00:00', 'Director of Regional Administration', 'Regional Office', '2008-05-03 21:00:00', '2009-05-03 21:00:00', '2033-04-12 21:00:00', 'Confirmed', 'https://placehold.co/ardhil-hali-99.pdf', 'https://placehold.co/confirmation-99.pdf', 'https://placehold.co/contract-99.pdf', 'https://placehold.co/birth-cert-99.pdf', 'cmd06xe220001e6bqj26tnlsj');
INSERT INTO public."Employee" VALUES ('emp_100', 'emp_entity_100', 'Dkt. Mwalimu Fatma Khamis', 'Female', 'https://placehold.co/150x150.png?text=DM', '1975-01-13 21:00:00', 'Koani', 'Kusini Unguja', 'Tanzania', '1906600570', '0777-302012', 'P.O. Box 3554, Koani, Zanzibar', 'ZSSF100', 'PAY0100', 'District Commissioner', 'ZPS 7.1', 'Ofisi ya Mkuu wa Mkoa wa Kusini Unguja', 'Local Government', 'Permanent', 'Full-time', '2014-01-31 21:00:00', 'Director of Local Government', 'Regional Office', '2014-01-31 21:00:00', '2015-01-31 21:00:00', '2035-01-13 21:00:00', 'Confirmed', 'https://placehold.co/ardhil-hali-100.pdf', 'https://placehold.co/confirmation-100.pdf', 'https://placehold.co/contract-100.pdf', 'https://placehold.co/birth-cert-100.pdf', 'cmd06xe220001e6bqj26tnlsj');
INSERT INTO public."Employee" VALUES ('emp_101', 'emp_entity_101', 'Mwanakijiji Hassan Omar', 'Male', 'https://placehold.co/150x150.png?text=MH', '1978-02-03 21:00:00', 'Koani', 'Kusini Unguja', 'Tanzania', '1907650580', '0777-189899', 'P.O. Box 2172, Koani, Zanzibar', 'ZSSF101', 'PAY0101', 'Ward Development Officer', 'ZPS 4.1', 'Ofisi ya Mkuu wa Mkoa wa Kusini Unguja', 'Community Development', 'Permanent', 'Full-time', '2016-04-12 21:00:00', 'Director of Community Development', 'Regional Office', '2016-04-12 21:00:00', NULL, '2038-02-03 21:00:00', 'On Probation', 'https://placehold.co/ardhil-hali-101.pdf', NULL, 'https://placehold.co/contract-101.pdf', 'https://placehold.co/birth-cert-101.pdf', 'cmd06xe220001e6bqj26tnlsj');
INSERT INTO public."Employee" VALUES ('emp_102', 'emp_entity_102', 'Marine Conservation Expert Dr. Zeinab', 'Female', 'https://placehold.co/150x150.png?text=MC', '1986-05-02 21:00:00', 'Mahonda', 'Kaskazini Unguja', 'Tanzania', '1906031491', '0777-840445', 'P.O. Box 1869, Jambiani, Zanzibar', 'ZSSF102', 'PAY0102', 'Marine Biologist', 'ZPS 6.2', 'WIZARA YA UCHUMI WA BULUU NA UVUVI', 'Marine Conservation', 'Permanent', 'Full-time', '2019-11-13 21:00:00', 'Director of Marine Conservation', 'Head Office', '2019-11-13 21:00:00', '2021-04-23 15:07:32.95', '2046-05-02 21:00:00', 'Confirmed', 'https://placehold.co/ardhil-hali-102.pdf', 'https://placehold.co/confirmation-102.pdf', 'https://placehold.co/contract-102.pdf', 'https://placehold.co/birth-cert-102.pdf', 'cmd06xe3r000re6bqum8g62id');
INSERT INTO public."Employee" VALUES ('emp_103', 'emp_entity_103', 'Heritage Conservator Omar Ali Hassan', 'Male', 'https://placehold.co/150x150.png?text=HC', '1991-07-31 21:00:00', 'Mkokotoni', 'Kusini Unguja', 'Tanzania', '1907081501', '0777-891544', 'P.O. Box 3983, Stone Town, Zanzibar', 'ZSSF103', 'PAY0103', 'Conservation Specialist', 'ZPS 5.2', 'WIZARA YA UTALII NA MAMBO YA KALE', 'Heritage Protection', 'Permanent', 'Full-time', '2029-01-15 21:00:00', 'Director of Heritage Protection', 'Head Office', '2029-01-15 21:00:00', '2030-12-15 10:48:00.656', '2051-07-31 21:00:00', 'Confirmed', 'https://placehold.co/ardhil-hali-103.pdf', 'https://placehold.co/confirmation-103.pdf', 'https://placehold.co/contract-103.pdf', 'https://placehold.co/birth-cert-103.pdf', 'cmd06xe40000ve6bqrip9e4m6');
INSERT INTO public."Employee" VALUES ('emp_105', 'emp_entity_105', 'Investigation Officer Zeinab Omar', 'Female', 'https://placehold.co/150x150.png?text=IO', '1967-02-28 21:00:00', 'Stone Town', 'Kaskazini Unguja', 'Tanzania', '1906781051', '0777-865896', 'P.O. Box 9409, Jambiani, Zanzibar', 'ZSSF105', 'PAY0105', 'Senior Investigator', 'ZPS 6.1', 'MAMLAKA YA KUZUIA RUSHWA NA UHUJUMU WA UCHUMI ZANZIBAR', 'Anti-Corruption', 'Permanent', 'Full-time', '1996-10-12 21:00:00', 'Director of Anti-Corruption', 'Head Office', '1996-10-12 21:00:00', '1997-11-13 06:11:35.907', '2027-02-28 21:00:00', 'Confirmed', 'https://placehold.co/ardhil-hali-105.pdf', 'https://placehold.co/confirmation-105.pdf', 'https://placehold.co/contract-105.pdf', 'https://placehold.co/birth-cert-105.pdf', 'cmd06xe3w000te6bqc44b0xpr');
INSERT INTO public."Employee" VALUES ('emp_106', 'emp_entity_106', 'Forensic Accountant Said Ali', 'Male', 'https://placehold.co/150x150.png?text=FA', '1976-06-21 21:00:00', 'Kiwengwa', 'Kaskazini Pemba', 'Tanzania', '1907831061', '0777-259179', 'P.O. Box 3242, Mkoani, Zanzibar', 'ZSSF106', 'PAY0106', 'Forensic Analyst', 'ZPS 5.1', 'MAMLAKA YA KUZUIA RUSHWA NA UHUJUMU WA UCHUMI ZANZIBAR', 'Financial Crimes', 'Permanent', 'Full-time', '2005-11-18 21:00:00', 'Director of Financial Crimes', 'Head Office', '2005-11-18 21:00:00', '2007-04-04 19:13:07.85', '2036-06-21 21:00:00', 'Confirmed', 'https://placehold.co/ardhil-hali-106.pdf', 'https://placehold.co/confirmation-106.pdf', 'https://placehold.co/contract-106.pdf', 'https://placehold.co/birth-cert-106.pdf', 'cmd06xe3w000te6bqc44b0xpr');
INSERT INTO public."Employee" VALUES ('emp_107', 'emp_entity_107', 'Chief Prosecutor Dr. Mwalimu Hassan', 'Male', 'https://placehold.co/150x150.png?text=CP', '1966-04-30 21:00:00', 'Mkoani', 'Kaskazini Unguja', 'Tanzania', '1905751071', '0777-841325', 'P.O. Box 2534, Wete, Zanzibar', 'ZSSF107', 'PAY0107', 'Director of Public Prosecutions', 'ZPS 8.2', 'AFISI YA MKURUGENZI WA MASHTAKA', 'Criminal Prosecutions', 'Permanent', 'Full-time', '1998-07-22 21:00:00', 'Director of Criminal Prosecutions', 'Head Office', '1998-07-22 21:00:00', '2000-04-15 20:48:51.935', '2026-04-30 21:00:00', 'Confirmed', 'https://placehold.co/ardhil-hali-107.pdf', 'https://placehold.co/confirmation-107.pdf', 'https://placehold.co/contract-107.pdf', 'https://placehold.co/birth-cert-107.pdf', 'cmd06xe4b0010e6bqt54zkblq');
INSERT INTO public."Employee" VALUES ('emp_108', 'emp_entity_108', 'State Attorney Amina Juma Ali', 'Female', 'https://placehold.co/150x150.png?text=SA', '1972-02-13 21:00:00', 'Kiwengwa', 'Kaskazini Pemba', 'Tanzania', '1906801081', '0777-432141', 'P.O. Box 4539, Jambiani, Zanzibar', 'ZSSF108', 'PAY0108', 'Senior State Attorney', 'ZPS 6.2', 'AFISI YA MKURUGENZI WA MASHTAKA', 'Court Proceedings', 'Permanent', 'Full-time', '2005-05-11 21:00:00', 'Director of Court Proceedings', 'Head Office', '2005-05-11 21:00:00', '2006-11-22 01:52:18.058', '2032-02-13 21:00:00', 'Confirmed', 'https://placehold.co/ardhil-hali-108.pdf', 'https://placehold.co/confirmation-108.pdf', 'https://placehold.co/contract-108.pdf', 'https://placehold.co/birth-cert-108.pdf', 'cmd06xe4b0010e6bqt54zkblq');
INSERT INTO public."Employee" VALUES ('emp_109', 'emp_entity_109', 'Legal Research Officer Omar Said', 'Male', 'https://placehold.co/150x150.png?text=LR', '1975-05-18 21:00:00', 'Bububu', 'Kusini Unguja', 'Tanzania', '1907851091', '0777-157973', 'P.O. Box 2152, Mkokotoni, Zanzibar', 'ZSSF109', 'PAY0109', 'Legal Research Officer', 'ZPS 4.2', 'AFISI YA MKURUGENZI WA MASHTAKA', 'Legal Research', 'Permanent', 'Full-time', '2000-05-27 21:00:00', 'Director of Legal Research', 'Head Office', '2000-05-27 21:00:00', '2002-01-15 01:09:18.967', '2035-05-18 21:00:00', 'Confirmed', 'https://placehold.co/ardhil-hali-109.pdf', 'https://placehold.co/confirmation-109.pdf', 'https://placehold.co/contract-109.pdf', 'https://placehold.co/birth-cert-109.pdf', 'cmd06xe4b0010e6bqt54zkblq');
INSERT INTO public."Employee" VALUES ('emp_110', 'emp_entity_110', 'Attorney General Prof. Fatma Hassan', 'Female', 'https://placehold.co/150x150.png?text=AG', '1992-03-07 21:00:00', 'Mahonda', 'Kusini Pemba', 'Tanzania', '1905771101', '0777-302580', 'P.O. Box 2862, Vitongoji, Zanzibar', 'ZSSF110', 'PAY0110', 'Attorney General', 'ZPS 8.2', 'AFISI YA MWANASHERIA MKUU', 'Legal Affairs', 'Permanent', 'Full-time', '2029-12-09 21:00:00', 'Director of Legal Affairs', 'Head Office', '2029-12-09 21:00:00', '2031-03-25 02:28:55.632', '2052-03-07 21:00:00', 'Confirmed', 'https://placehold.co/ardhil-hali-110.pdf', 'https://placehold.co/confirmation-110.pdf', 'https://placehold.co/contract-110.pdf', 'https://placehold.co/birth-cert-110.pdf', 'cmd06xe4e0011e6bqv8eg0b16');
INSERT INTO public."Employee" VALUES ('emp_111', 'emp_entity_111', 'Deputy Attorney General Dr. Ahmed Omar', 'Male', 'https://placehold.co/150x150.png?text=DA', '1977-07-01 21:00:00', 'Chake Chake', 'Kaskazini Pemba', 'Tanzania', '1906821111', '0777-744541', 'P.O. Box 8028, Chake Chake, Zanzibar', 'ZSSF111', 'PAY0111', 'Deputy Attorney General', 'ZPS 7.2', 'AFISI YA MWANASHERIA MKUU', 'Legal Advisory', 'Permanent', 'Full-time', '2015-11-24 21:00:00', 'Director of Legal Advisory', 'Head Office', '2015-11-24 21:00:00', '2017-05-20 13:32:17.248', '2037-07-01 21:00:00', 'Confirmed', 'https://placehold.co/ardhil-hali-111.pdf', 'https://placehold.co/confirmation-111.pdf', 'https://placehold.co/contract-111.pdf', 'https://placehold.co/birth-cert-111.pdf', 'cmd06xe4e0011e6bqv8eg0b16');
INSERT INTO public."Employee" VALUES ('emp_112', 'emp_entity_112', 'Legal Advisor Mwanasha Ali', 'Female', 'https://placehold.co/150x150.png?text=LA', '1965-10-14 21:00:00', 'Kizimbani', 'Kusini Unguja', 'Tanzania', '1907871121', '0777-931236', 'P.O. Box 3012, Mahonda, Zanzibar', 'ZSSF112', 'PAY0112', 'Principal Legal Officer', 'ZPS 6.1', 'AFISI YA MWANASHERIA MKUU', 'Legal Drafting', 'Permanent', 'Full-time', '1995-05-03 21:00:00', 'Director of Legal Drafting', 'Head Office', '1995-05-03 21:00:00', '1996-06-06 16:16:45.2', '2025-10-14 21:00:00', 'Confirmed', 'https://placehold.co/ardhil-hali-112.pdf', 'https://placehold.co/confirmation-112.pdf', 'https://placehold.co/contract-112.pdf', 'https://placehold.co/birth-cert-112.pdf', 'cmd06xe4e0011e6bqv8eg0b16');
INSERT INTO public."Employee" VALUES ('emp_113', 'emp_entity_113', 'Drug Control Expert Dr. Hassan Ali Omar', 'Male', 'https://placehold.co/150x150.png?text=DC', '1957-11-27 21:00:00', 'Kiwengwa', 'Kusini Unguja', 'Tanzania', '1905791131', '0777-658035', 'P.O. Box 6944, Jambiani, Zanzibar', 'ZSSF113', 'PAY0113', 'Director General', 'ZPS 7.2', 'MAMLAKA YA KUDHIBITI NA KUPAMBANA NA DAWA ZA KULEVYA ZANZIBAR', 'Drug Control', 'Permanent', 'Full-time', '1993-03-20 21:00:00', 'Minister', 'Head Office', '1993-03-20 21:00:00', '1994-11-03 08:23:21.419', '2017-11-27 21:00:00', 'Confirmed', 'https://placehold.co/ardhil-hali-113.pdf', 'https://placehold.co/confirmation-113.pdf', 'https://placehold.co/contract-113.pdf', 'https://placehold.co/birth-cert-113.pdf', 'cmd06xe45000xe6bqb6qc19ys');
INSERT INTO public."Employee" VALUES ('emp_114', 'emp_entity_114', 'Narcotics Inspector Zeinab Hassan', 'Female', 'https://placehold.co/150x150.png?text=NI', '1973-03-05 21:00:00', 'Bububu', 'Kusini Pemba', 'Tanzania', '1906841141', '0777-207812', 'P.O. Box 5644, Mahonda, Zanzibar', 'ZSSF114', 'PAY0114', 'Chief Inspector', 'ZPS 5.2', 'MAMLAKA YA KUDHIBITI NA KUPAMBANA NA DAWA ZA KULEVYA ZANZIBAR', 'Drug Enforcement', 'Permanent', 'Full-time', '2004-01-15 21:00:00', 'Director of Drug Enforcement', 'Head Office', '2004-01-15 21:00:00', '2005-10-12 08:10:31.249', '2033-03-05 21:00:00', 'Confirmed', 'https://placehold.co/ardhil-hali-114.pdf', 'https://placehold.co/confirmation-114.pdf', 'https://placehold.co/contract-114.pdf', 'https://placehold.co/birth-cert-114.pdf', 'cmd06xe45000xe6bqb6qc19ys');
INSERT INTO public."Employee" VALUES ('emp_115', 'emp_entity_115', 'Rehabilitation Officer Ahmed Juma', 'Male', 'https://placehold.co/150x150.png?text=RO', '1975-08-03 21:00:00', 'Jambiani', 'Kusini Pemba', 'Tanzania', '1907891151', '0777-220645', 'P.O. Box 4856, Nungwi, Zanzibar', 'ZSSF115', 'PAY0115', 'Rehabilitation Coordinator', 'ZPS 4.2', 'MAMLAKA YA KUDHIBITI NA KUPAMBANA NA DAWA ZA KULEVYA ZANZIBAR', 'Treatment Programs', 'Permanent', 'Full-time', '2007-05-13 21:00:00', 'Director of Treatment Programs', 'Head Office', '2007-05-13 21:00:00', '2009-04-26 13:28:51.058', '2035-08-03 21:00:00', 'Confirmed', 'https://placehold.co/ardhil-hali-115.pdf', 'https://placehold.co/confirmation-115.pdf', 'https://placehold.co/contract-115.pdf', 'https://placehold.co/birth-cert-115.pdf', 'cmd06xe45000xe6bqb6qc19ys');
INSERT INTO public."Employee" VALUES ('emp_117', 'emp_entity_117', 'Legal Draftsman Omar Hassan Ali', 'Male', 'https://placehold.co/150x150.png?text=LD', '1961-11-21 21:00:00', 'Jambiani', 'Kusini Unguja', 'Tanzania', '1906861171', '0777-140653', 'P.O. Box 5871, Jambiani, Zanzibar', 'ZSSF117', 'PAY0117', 'Chief Legal Draftsman', 'ZPS 6.2', 'OFISI YA RAIS - KATIBA SHERIA UTUMISHI NA UTAWALA BORA', 'Legal Drafting', 'Permanent', 'Full-time', '1995-12-19 21:00:00', 'Director of Legal Drafting', 'Head Office', '1995-12-19 21:00:00', '1997-09-05 18:19:12.252', '2021-11-21 21:00:00', 'Confirmed', 'https://placehold.co/ardhil-hali-117.pdf', 'https://placehold.co/confirmation-117.pdf', 'https://placehold.co/contract-117.pdf', 'https://placehold.co/birth-cert-117.pdf', 'cmd06xe3i000ne6bq2q3y9g2z');
INSERT INTO public."Employee" VALUES ('emp_118', 'emp_entity_118', 'Good Governance Officer Fatma Omar', 'Female', 'https://placehold.co/150x150.png?text=GG', '1968-08-06 21:00:00', 'Kiwengwa', 'Kusini Pemba', 'Tanzania', '1907911181', '0777-441244', 'P.O. Box 3965, Chake Chake, Zanzibar', 'ZSSF118', 'PAY0118', 'Director of Good Governance', 'ZPS 6.1', 'OFISI YA RAIS - KATIBA SHERIA UTUMISHI NA UTAWALA BORA', 'Governance', 'Permanent', 'Full-time', '1999-01-06 21:00:00', 'Director of Governance', 'Head Office', '1999-01-06 21:00:00', '2000-06-06 07:44:38.936', '2028-08-06 21:00:00', 'Confirmed', 'https://placehold.co/ardhil-hali-118.pdf', 'https://placehold.co/confirmation-118.pdf', 'https://placehold.co/contract-118.pdf', 'https://placehold.co/birth-cert-118.pdf', 'cmd06xe3i000ne6bq2q3y9g2z');
INSERT INTO public."Employee" VALUES ('emp_119', 'emp_entity_119', 'Ethics Expert Prof. Said Hassan', 'Male', 'https://placehold.co/150x150.png?text=EE', '1963-03-07 21:00:00', 'Jambiani', 'Kusini Pemba', 'Tanzania', '1905831191', '0777-581380', 'P.O. Box 3704, Wete, Zanzibar', 'ZSSF119', 'PAY0119', 'Chairperson', 'ZPS 8.1', 'TUME YA MAADILI YA VIONGOZI WA UMMA', 'Ethics', 'Permanent', 'Full-time', '1989-04-30 21:00:00', 'Minister', 'Head Office', '1989-04-30 21:00:00', '1990-08-03 18:47:43.35', '2023-03-07 21:00:00', 'Confirmed', 'https://placehold.co/ardhil-hali-119.pdf', 'https://placehold.co/confirmation-119.pdf', 'https://placehold.co/contract-119.pdf', 'https://placehold.co/birth-cert-119.pdf', 'cmd06xe48000ye6bqwhlp0tum');
INSERT INTO public."Employee" VALUES ('emp_120', 'emp_entity_120', 'Investigation Officer Dr. Mwanajuma', 'Female', 'https://placehold.co/150x150.png?text=IO', '1968-08-23 21:00:00', 'Wete', 'Kusini Unguja', 'Tanzania', '1906881201', '0777-759673', 'P.O. Box 5788, Kiwengwa, Zanzibar', 'ZSSF120', 'PAY0120', 'Principal Investigation Officer', 'ZPS 6.1', 'TUME YA MAADILI YA VIONGOZI WA UMMA', 'Investigations', 'Permanent', 'Full-time', '2005-09-10 21:00:00', 'Director of Investigations', 'Head Office', '2005-09-10 21:00:00', '2007-07-22 04:21:06.397', '2028-08-23 21:00:00', 'Confirmed', 'https://placehold.co/ardhil-hali-120.pdf', 'https://placehold.co/confirmation-120.pdf', 'https://placehold.co/contract-120.pdf', 'https://placehold.co/birth-cert-120.pdf', 'cmd06xe48000ye6bqwhlp0tum');
INSERT INTO public."Employee" VALUES ('emp_121', 'emp_entity_121', 'Ethics Officer Ahmed Hassan', 'Male', 'https://placehold.co/150x150.png?text=EO', '1988-11-05 21:00:00', 'Kizimbani', 'Kusini Unguja', 'Tanzania', '1907931211', '0777-179318', 'P.O. Box 8995, Chake Chake, Zanzibar', 'ZSSF121', 'PAY0121', 'Ethics Officer', 'ZPS 4.2', 'TUME YA MAADILI YA VIONGOZI WA UMMA', 'Compliance', 'Permanent', 'Full-time', '2027-04-07 21:00:00', 'Director of Compliance', 'Head Office', '2027-04-07 21:00:00', NULL, '2048-11-05 21:00:00', 'On Probation', 'https://placehold.co/ardhil-hali-121.pdf', NULL, 'https://placehold.co/contract-121.pdf', 'https://placehold.co/birth-cert-121.pdf', 'cmd06xe48000ye6bqwhlp0tum');
INSERT INTO public."Employee" VALUES ('emp_122', 'emp_entity_122', 'Election Expert Dr. Hassan Omar', 'Male', 'https://placehold.co/150x150.png?text=EE', '1960-05-15 21:00:00', 'Wete', 'Kusini Unguja', 'Tanzania', '1905851221', '0777-798039', 'P.O. Box 3947, Mahonda, Zanzibar', 'ZSSF122', 'PAY0122', 'Chairperson', 'ZPS 8.1', 'TUME YA UCHAGUZI YA ZANZIBAR', 'Elections', 'Permanent', 'Full-time', '1995-03-04 21:00:00', 'Minister', 'Head Office', '1995-03-04 21:00:00', '1996-09-20 22:50:07.326', '2020-05-15 21:00:00', 'Confirmed', 'https://placehold.co/ardhil-hali-122.pdf', 'https://placehold.co/confirmation-122.pdf', 'https://placehold.co/contract-122.pdf', 'https://placehold.co/birth-cert-122.pdf', 'cmd06xe3n000pe6bquce6e6ga');
INSERT INTO public."Employee" VALUES ('emp_123', 'emp_entity_123', 'Election Manager Amina Ali', 'Female', 'https://placehold.co/150x150.png?text=EM', '1966-08-18 21:00:00', 'Wete', 'Kaskazini Unguja', 'Tanzania', '1906901231', '0777-716541', 'P.O. Box 7244, Kizimbani, Zanzibar', 'ZSSF123', 'PAY0123', 'Director of Elections', 'ZPS 6.2', 'TUME YA UCHAGUZI YA ZANZIBAR', 'Election Management', 'Permanent', 'Full-time', '1999-03-20 21:00:00', 'Director of Election Management', 'Head Office', '1999-03-20 21:00:00', '2001-02-17 12:41:07.995', '2026-08-18 21:00:00', 'Confirmed', 'https://placehold.co/ardhil-hali-123.pdf', 'https://placehold.co/confirmation-123.pdf', 'https://placehold.co/contract-123.pdf', 'https://placehold.co/birth-cert-123.pdf', 'cmd06xe3n000pe6bquce6e6ga');
INSERT INTO public."Employee" VALUES ('emp_124', 'emp_entity_124', 'Voter Education Officer Omar Juma', 'Male', 'https://placehold.co/150x150.png?text=VE', '1975-08-22 21:00:00', 'Mkoani', 'Kaskazini Unguja', 'Tanzania', '1907951241', '0777-212620', 'P.O. Box 5181, Wete, Zanzibar', 'ZSSF124', 'PAY0124', 'Voter Education Officer', 'ZPS 4.1', 'TUME YA UCHAGUZI YA ZANZIBAR', 'Civic Education', 'Permanent', 'Full-time', '2013-08-06 21:00:00', 'Director of Civic Education', 'Head Office', '2013-08-06 21:00:00', '2014-09-01 00:44:24.286', '2035-08-22 21:00:00', 'Confirmed', 'https://placehold.co/ardhil-hali-124.pdf', 'https://placehold.co/confirmation-124.pdf', 'https://placehold.co/contract-124.pdf', 'https://placehold.co/birth-cert-124.pdf', 'cmd06xe3n000pe6bquce6e6ga');
INSERT INTO public."Employee" VALUES ('emp_125', 'emp_entity_125', 'Protocol Officer Dr. Fatma Ali', 'Female', 'https://placehold.co/150x150.png?text=PO', '1970-04-17 21:00:00', 'Bububu', 'Mjini Magharibi', 'Tanzania', '1905871251', '0777-170073', 'P.O. Box 8078, Chake Chake, Zanzibar', 'ZSSF125', 'PAY0125', 'Chief Protocol Officer', 'ZPS 6.2', 'OFISI YA RAIS - IKULU', 'Protocol', 'Permanent', 'Full-time', '2005-02-04 21:00:00', 'Director of Protocol', 'Head Office', '2005-02-04 21:00:00', '2006-03-30 19:13:16.79', '2030-04-17 21:00:00', 'Confirmed', 'https://placehold.co/ardhil-hali-125.pdf', 'https://placehold.co/confirmation-125.pdf', 'https://placehold.co/contract-125.pdf', 'https://placehold.co/birth-cert-125.pdf', 'cmd06xe43000we6bqegt3ofa0');
INSERT INTO public."Employee" VALUES ('emp_126', 'emp_entity_126', 'Security Advisor Ahmed Hassan Omar', 'Male', 'https://placehold.co/150x150.png?text=SA', '1985-06-13 21:00:00', 'Kiwengwa', 'Kaskazini Unguja', 'Tanzania', '1906921261', '0777-531756', 'P.O. Box 7677, Mkoani, Zanzibar', 'ZSSF126', 'PAY0126', 'Security Advisor', 'ZPS 6.1', 'OFISI YA RAIS - IKULU', 'Security', 'Permanent', 'Full-time', '2020-04-21 21:00:00', 'Director of Security', 'Head Office', '2020-04-21 21:00:00', '2021-07-27 04:05:37.393', '2045-06-13 21:00:00', 'Confirmed', 'https://placehold.co/ardhil-hali-126.pdf', 'https://placehold.co/confirmation-126.pdf', 'https://placehold.co/contract-126.pdf', 'https://placehold.co/birth-cert-126.pdf', 'cmd06xe43000we6bqegt3ofa0');
INSERT INTO public."Employee" VALUES ('emp_127', 'emp_entity_127', 'Press Secretary Said Ali Hassan', 'Male', 'https://placehold.co/150x150.png?text=PS', '1982-05-20 21:00:00', 'Kizimbani', 'Mjini Magharibi', 'Tanzania', '1907971271', '0777-252321', 'P.O. Box 5330, Chake Chake, Zanzibar', 'ZSSF127', 'PAY0127', 'Press Secretary', 'ZPS 5.2', 'OFISI YA RAIS - IKULU', 'Media Relations', 'Permanent', 'Full-time', '2012-02-11 21:00:00', 'Director of Media Relations', 'Head Office', '2012-02-11 21:00:00', '2013-08-10 07:21:53.602', '2042-05-20 21:00:00', 'Confirmed', 'https://placehold.co/ardhil-hali-127.pdf', 'https://placehold.co/confirmation-127.pdf', 'https://placehold.co/contract-127.pdf', 'https://placehold.co/birth-cert-127.pdf', 'cmd06xe43000we6bqegt3ofa0');
INSERT INTO public."Employee" VALUES ('emp_128', 'emp_entity_128', 'Policy Advisor Dr. Zeinab Omar', 'Female', 'https://placehold.co/150x150.png?text=PA', '1955-08-31 21:00:00', 'Chake Chake', 'Mjini Magharibi', 'Tanzania', '1905891281', '0777-919695', 'P.O. Box 3281, Kiwengwa, Zanzibar', 'ZSSF128', 'PAY0128', 'Principal Secretary', 'ZPS 8.1', 'OFISI YA MAKAMO WA KWANZA WA RAISI', 'Policy Coordination', 'Permanent', 'Full-time', '1981-03-08 21:00:00', 'Minister', 'Head Office', '1981-03-08 21:00:00', '1983-02-24 23:38:06.251', '2015-08-31 21:00:00', 'Confirmed', 'https://placehold.co/ardhil-hali-128.pdf', 'https://placehold.co/confirmation-128.pdf', 'https://placehold.co/contract-128.pdf', 'https://placehold.co/birth-cert-128.pdf', 'cmd06xe39000je6bqeouszvrd');
INSERT INTO public."Employee" VALUES ('emp_130', 'emp_entity_130', 'Program Coordinator Amina Hassan', 'Female', 'https://placehold.co/150x150.png?text=PC', '1975-09-19 21:00:00', 'Kizimbani', 'Kusini Unguja', 'Tanzania', '1907991301', '0777-121407', 'P.O. Box 6679, Mkokotoni, Zanzibar', 'ZSSF130', 'PAY0130', 'Program Officer', 'ZPS 4.2', 'OFISI YA MAKAMO WA KWANZA WA RAISI', 'Program Management', 'Permanent', 'Full-time', '2001-10-10 21:00:00', 'Director of Program Management', 'Head Office', '2001-10-10 21:00:00', '2003-04-26 21:26:13.491', '2035-09-19 21:00:00', 'Confirmed', 'https://placehold.co/ardhil-hali-130.pdf', 'https://placehold.co/confirmation-130.pdf', 'https://placehold.co/contract-130.pdf', 'https://placehold.co/birth-cert-130.pdf', 'cmd06xe39000je6bqeouszvrd');
INSERT INTO public."Employee" VALUES ('emp_131', 'emp_entity_131', 'Administration Expert Engineer Omar Hassan', 'Male', 'https://placehold.co/150x150.png?text=AE', '1959-09-04 21:00:00', 'Mkoani', 'Mjini Magharibi', 'Tanzania', '1905911311', '0777-230280', 'P.O. Box 8995, Nungwi, Zanzibar', 'ZSSF131', 'PAY0131', 'Principal Secretary', 'ZPS 8.1', 'OFISI YA MAKAMO WA PILI WA RAISI', 'Administration', 'Permanent', 'Full-time', '1993-12-22 21:00:00', 'Minister', 'Head Office', '1993-12-22 21:00:00', '1995-06-11 09:22:26.528', '2019-09-04 21:00:00', 'Confirmed', 'https://placehold.co/ardhil-hali-131.pdf', 'https://placehold.co/confirmation-131.pdf', 'https://placehold.co/contract-131.pdf', 'https://placehold.co/birth-cert-131.pdf', 'cmd06xe3p000qe6bqwqcuyke1');
INSERT INTO public."Employee" VALUES ('emp_132', 'emp_entity_132', 'Coordination Officer Dr. Fatma Said', 'Female', 'https://placehold.co/150x150.png?text=CO', '1972-07-04 21:00:00', 'Chake Chake', 'Kusini Unguja', 'Tanzania', '1906961321', '0777-234800', 'P.O. Box 5894, Wete, Zanzibar', 'ZSSF132', 'PAY0132', 'Director of Coordination', 'ZPS 6.1', 'OFISI YA MAKAMO WA PILI WA RAISI', 'Inter-ministerial Coordination', 'Permanent', 'Full-time', '1999-05-14 21:00:00', 'Director of Inter-ministerial Coordination', 'Head Office', '1999-05-14 21:00:00', '2000-08-19 11:02:56.11', '2032-07-04 21:00:00', 'Confirmed', 'https://placehold.co/ardhil-hali-132.pdf', 'https://placehold.co/confirmation-132.pdf', 'https://placehold.co/contract-132.pdf', 'https://placehold.co/birth-cert-132.pdf', 'cmd06xe3p000qe6bqwqcuyke1');
INSERT INTO public."Employee" VALUES ('emp_133', 'emp_entity_133', 'Administrative Officer Ahmed Ali', 'Male', 'https://placehold.co/150x150.png?text=AO', '1979-10-24 21:00:00', 'Jambiani', 'Kusini Unguja', 'Tanzania', '1908011331', '0777-196337', 'P.O. Box 6676, Chake Chake, Zanzibar', 'ZSSF133', 'PAY0133', 'Senior Administrative Officer', 'ZPS 4.2', 'OFISI YA MAKAMO WA PILI WA RAISI', 'General Administration', 'Permanent', 'Full-time', '2007-06-30 21:00:00', 'Director of General Administration', 'Head Office', '2007-06-30 21:00:00', '2009-04-01 03:16:45.753', '2039-10-24 21:00:00', 'Confirmed', 'https://placehold.co/ardhil-hali-133.pdf', 'https://placehold.co/confirmation-133.pdf', 'https://placehold.co/contract-133.pdf', 'https://placehold.co/birth-cert-133.pdf', 'cmd06xe3p000qe6bqwqcuyke1');
INSERT INTO public."Employee" VALUES ('emp_134', 'emp_entity_134', 'Islamic Scholar Dr. Hassan Juma Omar', 'Male', 'https://placehold.co/150x150.png?text=IS', '1979-07-12 21:00:00', 'Chake Chake', 'Mjini Magharibi', 'Tanzania', '1905931341', '0777-185602', 'P.O. Box 1071, Kiwengwa, Zanzibar', 'ZSSF134', 'PAY0134', 'Deputy Mufti', 'ZPS 7.2', 'OFISI YA MUFTI MKUU WA ZANZIBAR', 'Islamic Affairs', 'Permanent', 'Full-time', '2009-12-27 21:00:00', 'Director of Islamic Affairs', 'Head Office', '2009-12-27 21:00:00', '2011-05-21 00:38:03.424', '2039-07-12 21:00:00', 'Confirmed', 'https://placehold.co/ardhil-hali-134.pdf', 'https://placehold.co/confirmation-134.pdf', 'https://placehold.co/contract-134.pdf', 'https://placehold.co/birth-cert-134.pdf', 'cmd06xe3t000se6bqknluakbq');
INSERT INTO public."Employee" VALUES ('emp_135', 'emp_entity_135', 'Islamic Education Officer Mwanajuma Hassan', 'Female', 'https://placehold.co/150x150.png?text=IE', '1975-03-22 21:00:00', 'Jambiani', 'Kusini Pemba', 'Tanzania', '1906981351', '0777-261663', 'P.O. Box 6805, Kizimbani, Zanzibar', 'ZSSF135', 'PAY0135', 'Islamic Education Coordinator', 'ZPS 5.2', 'OFISI YA MUFTI MKUU WA ZANZIBAR', 'Religious Education', 'Permanent', 'Full-time', '2003-06-04 21:00:00', 'Director of Religious Education', 'Head Office', '2003-06-04 21:00:00', '2004-09-04 17:56:42.79', '2035-03-22 21:00:00', 'Confirmed', 'https://placehold.co/ardhil-hali-135.pdf', 'https://placehold.co/confirmation-135.pdf', 'https://placehold.co/contract-135.pdf', 'https://placehold.co/birth-cert-135.pdf', 'cmd06xe3t000se6bqknluakbq');
INSERT INTO public."Employee" VALUES ('emp_136', 'emp_entity_136', 'Religious Affairs Officer Said Omar Ali', 'Male', 'https://placehold.co/150x150.png?text=RA', '1974-01-05 21:00:00', 'Kiwengwa', 'Kusini Pemba', 'Tanzania', '1908031361', '0777-339627', 'P.O. Box 6125, Mahonda, Zanzibar', 'ZSSF136', 'PAY0136', 'Religious Affairs Officer', 'ZPS 4.1', 'OFISI YA MUFTI MKUU WA ZANZIBAR', 'Community Outreach', 'Permanent', 'Full-time', '2000-07-22 21:00:00', 'Director of Community Outreach', 'Head Office', '2000-07-22 21:00:00', '2002-06-25 03:26:55.589', '2034-01-05 21:00:00', 'Confirmed', 'https://placehold.co/ardhil-hali-136.pdf', 'https://placehold.co/confirmation-136.pdf', 'https://placehold.co/contract-136.pdf', 'https://placehold.co/birth-cert-136.pdf', 'cmd06xe3t000se6bqknluakbq');
INSERT INTO public."Employee" VALUES ('emp_137', 'emp_entity_137', 'Regional Affairs Expert Prof. Dr. Amina Hassan', 'Female', 'https://placehold.co/150x150.png?text=RA', '1958-10-22 21:00:00', 'Vitongoji', 'Kusini Unguja', 'Tanzania', '1905951371', '0777-781753', 'P.O. Box 5813, Nungwi, Zanzibar', 'ZSSF137', 'PAY0137', 'Principal Secretary', 'ZPS 8.1', 'OFISI YA RAIS, TAWALA ZA MIKOA, SERIKALI ZA MITAA NA IDARA MAALUMU ZA SMZ', 'Regional Affairs', 'Permanent', 'Full-time', '1996-08-20 21:00:00', 'Minister', 'Head Office', '1996-08-20 21:00:00', '1998-04-13 23:58:59.279', '2018-10-22 21:00:00', 'Confirmed', 'https://placehold.co/ardhil-hali-137.pdf', 'https://placehold.co/confirmation-137.pdf', 'https://placehold.co/contract-137.pdf', 'https://placehold.co/birth-cert-137.pdf', 'cmd06xe3g000me6bqh9gabe3e');
INSERT INTO public."Employee" VALUES ('emp_138', 'emp_entity_138', 'Local Government Specialist Dr. Omar Ali', 'Male', 'https://placehold.co/150x150.png?text=LG', '1971-01-12 21:00:00', 'Bububu', 'Mjini Magharibi', 'Tanzania', '1907001381', '0777-877593', 'P.O. Box 6431, Stone Town, Zanzibar', 'ZSSF138', 'PAY0138', 'Director of Local Government', 'ZPS 6.2', 'OFISI YA RAIS, TAWALA ZA MIKOA, SERIKALI ZA MITAA NA IDARA MAALUMU ZA SMZ', 'Local Government', 'Permanent', 'Full-time', '2003-03-12 21:00:00', 'Director of Local Government', 'Head Office', '2003-03-12 21:00:00', '2004-12-26 20:25:59.274', '2031-01-12 21:00:00', 'Confirmed', 'https://placehold.co/ardhil-hali-138.pdf', 'https://placehold.co/confirmation-138.pdf', 'https://placehold.co/contract-138.pdf', 'https://placehold.co/birth-cert-138.pdf', 'cmd06xe3g000me6bqh9gabe3e');
INSERT INTO public."Employee" VALUES ('emp_139', 'emp_entity_139', 'Community Development Officer Dr. Fatma Juma Hassan', 'Female', 'https://placehold.co/150x150.png?text=CD', '1988-07-13 21:00:00', 'Vitongoji', 'Kaskazini Pemba', 'Tanzania', '1908051391', '0777-845701', 'P.O. Box 6331, Mkokotoni, Zanzibar', 'ZSSF139', 'PAY0139', 'Community Development Coordinator', 'ZPS 5.1', 'OFISI YA RAIS, TAWALA ZA MIKOA, SERIKALI ZA MITAA NA IDARA MAALUMU ZA SMZ', 'Community Development', 'Permanent', 'Full-time', '2019-05-08 21:00:00', 'Director of Community Development', 'Head Office', '2019-05-08 21:00:00', '2020-07-13 16:12:19.067', '2048-07-13 21:00:00', 'Confirmed', 'https://placehold.co/ardhil-hali-139.pdf', 'https://placehold.co/confirmation-139.pdf', 'https://placehold.co/contract-139.pdf', 'https://placehold.co/birth-cert-139.pdf', 'cmd06xe3g000me6bqh9gabe3e');
INSERT INTO public."Employee" VALUES ('emp_140', 'emp_entity_140', 'Infrastructure Engineer Ahmed Said', 'Male', 'https://placehold.co/150x150.png?text=IE', '1976-10-24 21:00:00', 'Chake Chake', 'Kusini Unguja', 'Tanzania', '1909101401', '0777-193565', 'P.O. Box 6523, Mahonda, Zanzibar', 'ZSSF140', 'PAY0140', 'Senior Engineer', 'ZPS 5.2', 'WIZARA YA UJENZI MAWASILIANO NA UCHUKUZI', 'Infrastructure', 'Permanent', 'Full-time', '2002-08-08 21:00:00', 'Director of Infrastructure', 'Head Office', '2002-08-08 21:00:00', '2004-07-06 07:04:23.375', '2036-10-24 21:00:00', 'Confirmed', 'https://placehold.co/ardhil-hali-140.pdf', 'https://placehold.co/confirmation-140.pdf', 'https://placehold.co/contract-140.pdf', 'https://placehold.co/birth-cert-140.pdf', 'cmd06xe37000ie6bq43r62ea6');
INSERT INTO public."Employee" VALUES ('emp1', 'emp1_id', 'Ali Juma Ali', 'Male', 'https://placehold.co/100x100.png?text=AJA', '1980-05-15 00:00:00', 'Zanzibar City', 'Mjini Magharibi', 'Tanzania', '221458232', '0777-123-456', 'P.O. Box 123, Migombani, Zanzibar', 'ZSSF001', 'PAY001', 'Administrative Officer', 'ZPS 4.2', 'Public Service and Good Governance', 'Administration', 'Permanent', 'Full-time', '2023-01-10 00:00:00', 'Director of Administration', 'HQ Office', '2023-01-10 00:00:00', '2025-07-12 23:37:57.134', '2040-05-15 00:00:00', 'Confirmed', 'https://placehold.co/ardhil-hali.pdf', NULL, 'https://placehold.co/job-contract-ali.pdf', 'https://placehold.co/birth-cert-ali.pdf', 'cmd06nn7n0001e67w2h5rf86x');
INSERT INTO public."Employee" VALUES ('emp_142', 'emp_entity_142', 'Energy Expert Zeinab Omar Hassan', 'Female', 'https://placehold.co/150x150.png?text=EE', '1975-03-07 21:00:00', 'Vitongoji', 'Mjini Magharibi', 'Tanzania', '1907021421', '0777-763344', 'P.O. Box 5024, Chake Chake, Zanzibar', 'ZSSF142', 'PAY0142', 'Energy Coordinator', 'ZPS 5.2', 'WIZARA YA MAJI NISHATI NA MADINI', 'Renewable Energy', 'Permanent', 'Full-time', '2002-05-03 21:00:00', 'Director of Renewable Energy', 'Head Office', '2002-05-03 21:00:00', '2003-08-06 19:14:13.768', '2035-03-07 21:00:00', 'Confirmed', 'https://placehold.co/ardhil-hali-142.pdf', 'https://placehold.co/confirmation-142.pdf', 'https://placehold.co/contract-142.pdf', 'https://placehold.co/birth-cert-142.pdf', 'cmd06xe4g0012e6bqou5f9gur');
INSERT INTO public."Employee" VALUES ('emp_143', 'emp_entity_143', 'Trade Promotion Officer Said Omar', 'Male', 'https://placehold.co/150x150.png?text=TP', '1992-10-06 21:00:00', 'Wete', 'Kusini Unguja', 'Tanzania', '1908071431', '0777-573965', 'P.O. Box 6728, Jambiani, Zanzibar', 'ZSSF143', 'PAY0143', 'Trade Development Officer', 'ZPS 4.2', 'WIZARA YA BIASHARA NA MAENDELEO YA VIWANDA', 'Export Promotion', 'Permanent', 'Full-time', '2028-04-26 21:00:00', 'Director of Export Promotion', 'Head Office', '2028-04-26 21:00:00', '2029-09-08 15:00:51.431', '2052-10-06 21:00:00', 'Confirmed', 'https://placehold.co/ardhil-hali-143.pdf', 'https://placehold.co/confirmation-143.pdf', 'https://placehold.co/contract-143.pdf', 'https://placehold.co/birth-cert-143.pdf', 'cmd06xe3b000ke6bqxuwovzub');
INSERT INTO public."Employee" VALUES ('emp_144', 'emp_entity_144', 'Youth Development Coordinator Dr. Amina Ali', 'Female', 'https://placehold.co/150x150.png?text=YD', '1967-07-03 21:00:00', 'Jambiani', 'Kusini Pemba', 'Tanzania', '1905991441', '0777-467891', 'P.O. Box 3887, Wete, Zanzibar', 'ZSSF144', 'PAY0144', 'Youth Programs Director', 'ZPS 6.1', 'WIZARA YA HABARI, VIJANA, UTAMADUNI NA MICHEZO', 'Youth Development', 'Permanent', 'Full-time', '1994-06-21 21:00:00', 'Director of Youth Development', 'Head Office', '1994-06-21 21:00:00', '1995-11-13 13:56:08.375', '2027-07-03 21:00:00', 'Confirmed', 'https://placehold.co/ardhil-hali-144.pdf', 'https://placehold.co/confirmation-144.pdf', 'https://placehold.co/contract-144.pdf', 'https://placehold.co/birth-cert-144.pdf', 'cmd06xe3l000oe6bq5drrocqt');
INSERT INTO public."Employee" VALUES ('emp_145', 'emp_entity_145', 'Sports Development Officer Omar Hassan', 'Male', 'https://placehold.co/150x150.png?text=SD', '1970-06-02 21:00:00', 'Chake Chake', 'Kaskazini Pemba', 'Tanzania', '1907041451', '0777-458370', 'P.O. Box 4261, Wete, Zanzibar', 'ZSSF145', 'PAY0145', 'Sports Coordinator', 'ZPS 4.2', 'WIZARA YA HABARI, VIJANA, UTAMADUNI NA MICHEZO', 'Sports Development', 'Permanent', 'Full-time', '1998-08-19 21:00:00', 'Director of Sports Development', 'Head Office', '1998-08-19 21:00:00', '1999-12-18 03:49:07.85', '2030-06-02 21:00:00', 'Confirmed', 'https://placehold.co/ardhil-hali-145.pdf', 'https://placehold.co/confirmation-145.pdf', 'https://placehold.co/contract-145.pdf', 'https://placehold.co/birth-cert-145.pdf', 'cmd06xe3l000oe6bq5drrocqt');
INSERT INTO public."Employee" VALUES ('emp_146', 'emp_entity_146', 'Employment Services Manager Fatma Ali', 'Female', 'https://placehold.co/150x150.png?text=ES', '1991-09-20 21:00:00', 'Mkoani', 'Kusini Pemba', 'Tanzania', '1908091461', '0777-383381', 'P.O. Box 2985, Mahonda, Zanzibar', 'ZSSF146', 'PAY0146', 'Employment Services Manager', 'ZPS 5.1', 'SEKRETARIETI YA AJIRA', 'Job Placement', 'Permanent', 'Full-time', '2027-11-02 21:00:00', 'Director of Job Placement', 'Head Office', '2027-11-02 21:00:00', '2029-06-22 16:10:15.583', '2051-09-20 21:00:00', 'Confirmed', 'https://placehold.co/ardhil-hali-146.pdf', 'https://placehold.co/confirmation-146.pdf', 'https://placehold.co/contract-146.pdf', 'https://placehold.co/birth-cert-146.pdf', 'cmd06xe3e000le6bqscwfh5be');
INSERT INTO public."Employee" VALUES ('emp_147', 'emp_entity_147', 'Construction Project Manager Dr. Hassan Omar', 'Male', 'https://placehold.co/150x150.png?text=CP', '1994-12-21 21:00:00', 'Mahonda', 'Mjini Magharibi', 'Tanzania', '1906011471', '0777-225979', 'P.O. Box 2555, Jambiani, Zanzibar', 'ZSSF147', 'PAY0147', 'Project Manager', 'ZPS 6.1', 'WAKALA WA MAJENGO ZANZIBAR', 'Infrastructure Projects', 'Permanent', 'Full-time', '2033-12-14 21:00:00', 'Director of Infrastructure Projects', 'Head Office', '2033-12-14 21:00:00', '2035-07-06 23:07:32.189', '2054-12-21 21:00:00', 'Confirmed', 'https://placehold.co/ardhil-hali-147.pdf', 'https://placehold.co/confirmation-147.pdf', 'https://placehold.co/contract-147.pdf', 'https://placehold.co/birth-cert-147.pdf', 'cmd06xe30000fe6bqe6ljiz1v');
INSERT INTO public."Employee" VALUES ('emp_148', 'emp_entity_148', 'Disaster Response Coordinator Amina Hassan', 'Female', 'https://placehold.co/150x150.png?text=DR', '1993-03-31 21:00:00', 'Wete', 'Kusini Unguja', 'Tanzania', '1907061481', '0777-385995', 'P.O. Box 6397, Nungwi, Zanzibar', 'ZSSF148', 'PAY0148', 'Emergency Response Manager', 'ZPS 5.2', 'KAMISHENI YA KUKABILIANA NA MAAFA ZANZIBAR', 'Emergency Management', 'Permanent', 'Full-time', '2029-03-18 21:00:00', 'Director of Emergency Management', 'Head Office', '2029-03-18 21:00:00', '2030-11-08 12:49:52.562', '2053-03-31 21:00:00', 'Confirmed', 'https://placehold.co/ardhil-hali-148.pdf', 'https://placehold.co/confirmation-148.pdf', 'https://placehold.co/contract-148.pdf', 'https://placehold.co/birth-cert-148.pdf', 'cmd06xe2y000ee6bqel875c2s');
INSERT INTO public."Employee" VALUES ('emp_149', 'emp_entity_149', 'Archive Specialist Ahmed Omar', 'Male', 'https://placehold.co/150x150.png?text=AS', '1986-09-20 21:00:00', 'Stone Town', 'Kaskazini Pemba', 'Tanzania', '1908111491', '0777-539503', 'P.O. Box 2599, Bububu, Zanzibar', 'ZSSF149', 'PAY0149', 'Digital Archivist', 'ZPS 4.2', 'TAASISI YA NYARAKA NA KUMBUKUMBU', 'Digital Archives', 'Permanent', 'Full-time', '2021-07-14 21:00:00', 'Director of Digital Archives', 'Head Office', '2021-07-14 21:00:00', '2022-12-22 15:51:58.677', '2046-09-20 21:00:00', 'Confirmed', 'https://placehold.co/ardhil-hali-149.pdf', 'https://placehold.co/confirmation-149.pdf', 'https://placehold.co/contract-149.pdf', 'https://placehold.co/birth-cert-149.pdf', 'cmd06xe2m0009e6bq0ps9u9ut');
INSERT INTO public."Employee" VALUES ('emp_150', 'emp_entity_150', 'Marine Conservation Expert Dr. Zeinab Ali', 'Female', 'https://placehold.co/150x150.png?text=MC', '1991-04-30 21:00:00', 'Kizimbani', 'Kaskazini Unguja', 'Tanzania', '1906031501', '0777-685311', 'P.O. Box 1458, Bububu, Zanzibar', 'ZSSF150', 'PAY0150', 'Marine Biologist', 'ZPS 6.2', 'WIZARA YA UCHUMI WA BULUU NA UVUVI', 'Marine Conservation', 'Permanent', 'Full-time', '2019-04-03 21:00:00', 'Director of Marine Conservation', 'Head Office', '2019-04-03 21:00:00', '2021-03-07 04:32:37.384', '2051-04-30 21:00:00', 'Confirmed', 'https://placehold.co/ardhil-hali-150.pdf', 'https://placehold.co/confirmation-150.pdf', 'https://placehold.co/contract-150.pdf', 'https://placehold.co/birth-cert-150.pdf', 'cmd06xe3r000re6bqum8g62id');
INSERT INTO public."Employee" VALUES ('emp_151', 'emp_entity_151', 'Heritage Conservator Omar Ali Hassan', 'Male', 'https://placehold.co/150x150.png?text=HC', '1993-03-10 21:00:00', 'Jambiani', 'Kaskazini Pemba', 'Tanzania', '1907081511', '0777-344531', 'P.O. Box 1470, Mkokotoni, Zanzibar', 'ZSSF151', 'PAY0151', 'Conservation Specialist', 'ZPS 5.2', 'WIZARA YA UTALII NA MAMBO YA KALE', 'Heritage Protection', 'Permanent', 'Full-time', '2028-07-20 21:00:00', 'Director of Heritage Protection', 'Head Office', '2028-07-20 21:00:00', '2030-03-25 04:50:14.635', '2053-03-10 21:00:00', 'Confirmed', 'https://placehold.co/ardhil-hali-151.pdf', 'https://placehold.co/confirmation-151.pdf', 'https://placehold.co/contract-151.pdf', 'https://placehold.co/birth-cert-151.pdf', 'cmd06xe40000ve6bqrip9e4m6');
INSERT INTO public."Employee" VALUES ('emp_024', 'emp_entity_24', 'Agronomist Fatma Said', 'Female', 'https://placehold.co/150x150.png?text=AFS', '1989-08-27 21:00:00', 'Mahonda', 'Kaskazini Unguja', 'Tanzania', '1906800240', '0777-411893', 'P.O. Box 6643, Bububu, Zanzibar', 'ZSSF024', 'PAY0024', 'Director of Agriculture', 'ZPS 6.1', 'WIZARA YA KILIMO UMWAGILIAJI MALIASILI NA MIFUGO', 'Crop Production', 'Permanent', 'Full-time', '2014-03-08 21:00:00', 'Director of Crop Production', 'Head Office', '2014-03-08 21:00:00', '2015-03-08 21:00:00', '2049-08-27 21:00:00', 'Confirmed', 'https://placehold.co/ardhil-hali-24.pdf', 'https://placehold.co/confirmation-24.pdf', 'https://placehold.co/contract-24.pdf', 'https://placehold.co/birth-cert-24.pdf', 'cmd06xe34000he6bqfdqiw9ll');
INSERT INTO public."Employee" VALUES ('emp_037', 'emp_entity_37', 'Economist Juma Hassan', 'Male', 'https://placehold.co/150x150.png?text=EJH', '1977-02-19 21:00:00', 'Bububu', 'Kaskazini Unguja', 'Tanzania', '1905880370', '0777-973886', 'P.O. Box 5205, Bububu, Zanzibar', 'ZSSF037', 'PAY0037', 'Principal Secretary', 'ZPS 8.1', 'WIZARA YA BIASHARA NA MAENDELEO YA VIWANDA', 'Trade Policy', 'Permanent', 'Full-time', '2017-02-13 21:00:00', 'Director of Trade Policy', 'Head Office', '2017-02-13 21:00:00', '2018-02-13 21:00:00', '2037-02-19 21:00:00', 'Confirmed', 'https://placehold.co/ardhil-hali-37.pdf', 'https://placehold.co/confirmation-37.pdf', 'https://placehold.co/contract-37.pdf', 'https://placehold.co/birth-cert-37.pdf', 'cmd06xe3b000ke6bqxuwovzub');
INSERT INTO public."Employee" VALUES ('emp_050', 'emp_entity_50', 'Gender Specialist Zeinab', 'Female', 'https://placehold.co/150x150.png?text=GSZ', '1981-12-19 21:00:00', 'Chake Chake', 'Kusini Unguja', 'Tanzania', '1907010500', '0777-760498', 'P.O. Box 2208, Stone Town, Zanzibar', 'ZSSF050', 'PAY0050', 'Director of Gender', 'ZPS 6.1', 'WIZARA YA MAENDELEO YA JAMII,JINSIA,WAZEE NA WATOTO', 'Gender Affairs', 'Permanent', 'Full-time', '2022-09-08 21:00:00', 'Director of Gender Affairs', 'Head Office', '2022-09-08 21:00:00', '2023-09-08 21:00:00', '2041-12-19 21:00:00', 'Confirmed', 'https://placehold.co/ardhil-hali-50.pdf', 'https://placehold.co/confirmation-50.pdf', 'https://placehold.co/contract-50.pdf', 'https://placehold.co/birth-cert-50.pdf', 'cmd06xe270003e6bq0wm0v3c7');
INSERT INTO public."Employee" VALUES ('emp_066', 'emp_entity_66', 'Dr. Lawyer Zeinab Hassan', 'Female', 'https://placehold.co/150x150.png?text=DL', '1957-01-26 21:00:00', 'Wete', 'Kaskazini Unguja', 'Tanzania', '1906790660', '0777-697138', 'P.O. Box 5326, Mahonda, Zanzibar', 'ZSSF066', 'PAY0066', 'Commissioner', 'ZPS 8.1', 'KAMISHENI YA UTUMISHI WA UMMA', 'Legal Affairs', 'Permanent', 'Full-time', '1986-01-15 21:00:00', 'Director of Legal Affairs', 'Head Office', '1986-01-15 21:00:00', '1987-10-04 22:53:29.806', '2017-01-26 21:00:00', 'Confirmed', 'https://placehold.co/ardhil-hali-66.pdf', 'https://placehold.co/confirmation-66.pdf', 'https://placehold.co/contract-66.pdf', 'https://placehold.co/birth-cert-66.pdf', 'cmd06xe2a0004e6bqwbtjm4x9');
INSERT INTO public."Employee" VALUES ('emp_079', 'emp_entity_79', 'Digital Archivist Hassan Ali', 'Male', 'https://placehold.co/150x150.png?text=DA', '1971-03-16 21:00:00', 'Bububu', 'Kaskazini Pemba', 'Tanzania', '1907920790', '0777-604294', 'P.O. Box 2664, Mahonda, Zanzibar', 'ZSSF079', 'PAY0079', 'Digital Preservation Officer', 'ZPS 5.1', 'TAASISI YA NYARAKA NA KUMBUKUMBU', 'Digital Archives', 'Permanent', 'Full-time', '2005-07-13 21:00:00', 'Director of Digital Archives', 'Head Office', '2005-07-13 21:00:00', '2007-01-11 00:54:28.672', '2031-03-16 21:00:00', 'Confirmed', 'https://placehold.co/ardhil-hali-79.pdf', 'https://placehold.co/confirmation-79.pdf', 'https://placehold.co/contract-79.pdf', 'https://placehold.co/birth-cert-79.pdf', 'cmd06xe2m0009e6bq0ps9u9ut');
INSERT INTO public."Employee" VALUES ('emp_092', 'emp_entity_92', 'Teacher Trainer Hassan', 'Male', 'https://placehold.co/150x150.png?text=TT', '1971-05-09 21:00:00', 'Bububu', 'Kusini Pemba', 'Tanzania', '1908050920', '0777-678256', 'P.O. Box 2991, Kizimbani, Zanzibar', 'ZSSF092', 'PAY0092', 'Teacher Development Officer', 'ZPS 5.1', 'TAASISI YA ELIMU YA ZANZIBAR', 'Teacher Training', 'Permanent', 'Full-time', '1997-08-16 21:00:00', 'Director of Teacher Training', 'Head Office', '1997-08-16 21:00:00', '1998-10-28 02:13:39.93', '2031-05-09 21:00:00', 'Confirmed', 'https://placehold.co/ardhil-hali-92.pdf', 'https://placehold.co/confirmation-92.pdf', 'https://placehold.co/contract-92.pdf', 'https://placehold.co/birth-cert-92.pdf', 'cmd06xe2w000de6bqzqo9qu3m');
INSERT INTO public."Employee" VALUES ('emp_104', 'emp_entity_104', 'Lawyer Dr. Ali Hassan Mohamed', 'Male', 'https://placehold.co/150x150.png?text=LD', '1956-12-10 21:00:00', 'Kiwengwa', 'Mjini Magharibi', 'Tanzania', '1905731041', '0777-494518', 'P.O. Box 3086, Chake Chake, Zanzibar', 'ZSSF104', 'PAY0104', 'Director General', 'ZPS 8.1', 'MAMLAKA YA KUZUIA RUSHWA NA UHUJUMU WA UCHUMI ZANZIBAR', 'Investigations', 'Permanent', 'Full-time', '1987-02-26 21:00:00', 'Minister', 'Head Office', '1987-02-26 21:00:00', '1988-10-11 14:13:52.689', '2016-12-10 21:00:00', 'Confirmed', 'https://placehold.co/ardhil-hali-104.pdf', 'https://placehold.co/confirmation-104.pdf', 'https://placehold.co/contract-104.pdf', 'https://placehold.co/birth-cert-104.pdf', 'cmd06xe3w000te6bqc44b0xpr');
INSERT INTO public."Employee" VALUES ('emp_116', 'emp_entity_116', 'Constitutional Expert Dr. Amina Said', 'Female', 'https://placehold.co/150x150.png?text=CE', '1963-09-15 21:00:00', 'Mkokotoni', 'Kaskazini Unguja', 'Tanzania', '1905811161', '0777-268239', 'P.O. Box 2794, Kizimbani, Zanzibar', 'ZSSF116', 'PAY0116', 'Principal Secretary', 'ZPS 8.1', 'OFISI YA RAIS - KATIBA SHERIA UTUMISHI NA UTAWALA BORA', 'Constitutional Affairs', 'Permanent', 'Full-time', '1988-09-10 21:00:00', 'Minister', 'Head Office', '1988-09-10 21:00:00', '1990-03-17 23:01:02.214', '2023-09-15 21:00:00', 'Confirmed', 'https://placehold.co/ardhil-hali-116.pdf', 'https://placehold.co/confirmation-116.pdf', 'https://placehold.co/contract-116.pdf', 'https://placehold.co/birth-cert-116.pdf', 'cmd06xe3i000ne6bq2q3y9g2z');
INSERT INTO public."Employee" VALUES ('emp_129', 'emp_entity_129', 'Development Specialist Hassan Ali Juma', 'Male', 'https://placehold.co/150x150.png?text=DS', '1961-12-21 21:00:00', 'Chake Chake', 'Kusini Unguja', 'Tanzania', '1906941291', '0777-842365', 'P.O. Box 7922, Jambiani, Zanzibar', 'ZSSF129', 'PAY0129', 'Director of Development', 'ZPS 6.1', 'OFISI YA MAKAMO WA KWANZA WA RAISI', 'Development Programs', 'Permanent', 'Full-time', '1994-11-04 21:00:00', 'Director of Development Programs', 'Head Office', '1994-11-04 21:00:00', '1996-04-01 08:06:03.946', '2021-12-21 21:00:00', 'Confirmed', 'https://placehold.co/ardhil-hali-129.pdf', 'https://placehold.co/confirmation-129.pdf', 'https://placehold.co/contract-129.pdf', 'https://placehold.co/birth-cert-129.pdf', 'cmd06xe39000je6bqeouszvrd');
INSERT INTO public."Employee" VALUES ('emp_141', 'emp_entity_141', 'Agricultural Specialist Dr. Hassan Ali', 'Male', 'https://placehold.co/150x150.png?text=AS', '1968-04-26 21:00:00', 'Stone Town', 'Kaskazini Unguja', 'Tanzania', '1905971411', '0777-874672', 'P.O. Box 4694, Bububu, Zanzibar', 'ZSSF141', 'PAY0141', 'Chief Agricultural Officer', 'ZPS 6.1', 'WIZARA YA KILIMO UMWAGILIAJI MALIASILI NA MIFUGO', 'Crop Production', 'Permanent', 'Full-time', '2001-01-03 21:00:00', 'Director of Crop Production', 'Head Office', '2001-01-03 21:00:00', '2002-07-30 10:01:14.236', '2028-04-26 21:00:00', 'Confirmed', 'https://placehold.co/ardhil-hali-141.pdf', 'https://placehold.co/confirmation-141.pdf', 'https://placehold.co/contract-141.pdf', 'https://placehold.co/birth-cert-141.pdf', 'cmd06xe34000he6bqfdqiw9ll');


--
-- Data for Name: User; Type: TABLE DATA; Schema: public; Owner: postgres
--

INSERT INTO public."User" VALUES ('cmd06nn9p0005e67wgvz3pd6c', 'Amina Kassim', 'akassim', '$2a$10$NRSFXWaJvpZlkQaGfnmYbuwwTxX.7lLrRb5ca6oHKyS9xpV9CeQBa', 'Admin', true, NULL, 'cmd059ion0000e6d85kexfukl', '2025-07-12 11:49:21.421', '2025-07-12 11:49:21.421');
INSERT INTO public."User" VALUES ('cmd06nnb50007e67wa5491lw5', 'Zaituni Haji', 'zhaji', '$2a$10$NRSFXWaJvpZlkQaGfnmYbuwwTxX.7lLrRb5ca6oHKyS9xpV9CeQBa', 'CSCS', true, NULL, 'cmd059ion0000e6d85kexfukl', '2025-07-12 11:49:21.473', '2025-07-12 11:49:21.473');
INSERT INTO public."User" VALUES ('cmd059ir10002e6d86l802ljc', 'Safia Khamis', 'skhamis', '$2a$10$Ts5iEaglOZVKBvzJJX/F4uwqTVzusEiv7QCf/BGnrodxVu5VTyf7S', 'HHRMD', true, NULL, 'cmd059ion0000e6d85kexfukl', '2025-07-12 11:10:22.766', '2025-07-12 11:49:21.476');
INSERT INTO public."User" VALUES ('cmd06nnbb000be67wwgil78yv', 'Fauzia Iddi', 'fiddi', '$2a$10$NRSFXWaJvpZlkQaGfnmYbuwwTxX.7lLrRb5ca6oHKyS9xpV9CeQBa', 'HRMO', true, NULL, 'cmd059ion0000e6d85kexfukl', '2025-07-12 11:49:21.479', '2025-07-12 11:49:21.479');
INSERT INTO public."User" VALUES ('cmd06nnbd000de67wb6e6ild5', 'Maimuna Ussi', 'mussi', '$2a$10$NRSFXWaJvpZlkQaGfnmYbuwwTxX.7lLrRb5ca6oHKyS9xpV9CeQBa', 'DO', true, NULL, 'cmd059ion0000e6d85kexfukl', '2025-07-12 11:49:21.482', '2025-07-12 11:49:21.482');
INSERT INTO public."User" VALUES ('cmd06nnbg000fe67wdbus4imu', 'Mwanakombo Is-hak', 'mishak', '$2a$10$NRSFXWaJvpZlkQaGfnmYbuwwTxX.7lLrRb5ca6oHKyS9xpV9CeQBa', 'PO', true, NULL, 'cmd059ion0000e6d85kexfukl', '2025-07-12 11:49:21.484', '2025-07-12 11:49:21.484');
INSERT INTO public."User" VALUES ('cmd06nnbi000he67wz9doivi6', 'Khamis Hamadi', 'khamadi', '$2a$10$NRSFXWaJvpZlkQaGfnmYbuwwTxX.7lLrRb5ca6oHKyS9xpV9CeQBa', 'HRRP', true, NULL, 'cmd059ion0000e6d85kexfukl', '2025-07-12 11:49:21.487', '2025-07-12 11:49:21.487');
INSERT INTO public."User" VALUES ('cmd06nnbl000je67wtl28pk42', 'HRO (Tume)', 'hro_commission', '$2a$10$NRSFXWaJvpZlkQaGfnmYbuwwTxX.7lLrRb5ca6oHKyS9xpV9CeQBa', 'HRO', true, NULL, 'cmd059ion0000e6d85kexfukl', '2025-07-12 11:49:21.489', '2025-07-12 11:49:21.489');
INSERT INTO public."User" VALUES ('cmd06nnbn000le67wtg41s3su', 'Khamis Mnyonge', 'kmnyonge', '$2a$10$NRSFXWaJvpZlkQaGfnmYbuwwTxX.7lLrRb5ca6oHKyS9xpV9CeQBa', 'HRO', true, NULL, 'cmd06nn7n0001e67w2h5rf86x', '2025-07-12 11:49:21.492', '2025-07-12 11:49:21.492');
INSERT INTO public."User" VALUES ('cmd06nnbq000ne67wwmiwxuo8', 'Ahmed Mohammed', 'ahmedm', '$2a$10$NRSFXWaJvpZlkQaGfnmYbuwwTxX.7lLrRb5ca6oHKyS9xpV9CeQBa', 'HRO', true, NULL, 'cmd06nn7r0002e67w8df8thtn', '2025-07-12 11:49:21.494', '2025-07-12 11:49:21.494');
INSERT INTO public."User" VALUES ('cmd06nnbs000pe67woh62ey8r', 'Mariam Juma', 'mariamj', '$2a$10$NRSFXWaJvpZlkQaGfnmYbuwwTxX.7lLrRb5ca6oHKyS9xpV9CeQBa', 'HRO', true, NULL, 'cmd06nn7u0003e67wa4hiyie7', '2025-07-12 11:49:21.497', '2025-07-12 11:49:21.497');
INSERT INTO public."User" VALUES ('cmd06nnbu000re67wdeax0fwp', 'Ali Juma Ali', 'alijuma', '$2a$10$NRSFXWaJvpZlkQaGfnmYbuwwTxX.7lLrRb5ca6oHKyS9xpV9CeQBa', 'EMPLOYEE', true, 'emp1', 'cmd06nn7n0001e67w2h5rf86x', '2025-07-12 11:49:21.499', '2025-07-12 12:27:49.615');
INSERT INTO public."User" VALUES ('cmd06nnbx000te67ww4cbaug7', 'Khadija Nassor', 'khadijanassor', '$2a$10$NRSFXWaJvpZlkQaGfnmYbuwwTxX.7lLrRb5ca6oHKyS9xpV9CeQBa', 'EMPLOYEE', true, 'emp8', 'cmd06nn7r0002e67w8df8thtn', '2025-07-12 11:49:21.501', '2025-07-12 12:27:49.62');
INSERT INTO public."User" VALUES ('cmd06nnbz000ve67wncnv4etg', 'Yussuf Makame', 'yussufmakame', '$2a$10$NRSFXWaJvpZlkQaGfnmYbuwwTxX.7lLrRb5ca6oHKyS9xpV9CeQBa', 'EMPLOYEE', true, 'emp9', 'cmd06nn7r0002e67w8df8thtn', '2025-07-12 11:49:21.504', '2025-07-12 12:27:49.623');


--
-- Data for Name: CadreChangeRequest; Type: TABLE DATA; Schema: public; Owner: postgres
--

INSERT INTO public."CadreChangeRequest" VALUES ('cmd08nei5001de6qk339xyxa5', 'UNDER_REVIEW', 'FINAL_APPROVAL', 'Administrative Officer', 'Department reorganization', false, '{https://placehold.co/cadre-change-application.pdf,https://placehold.co/qualifications.pdf}', NULL, 'emp9', 'cmd06nnbz000ve67wncnv4etg', NULL, '2025-05-01 12:45:09.293', '2025-07-12 12:45:09.293');
INSERT INTO public."CadreChangeRequest" VALUES ('cmd08nei8001fe6qkx8hdjhoh', 'REJECTED', 'DIRECTOR_REVIEW', 'Education Officer', 'Professional development', true, '{https://placehold.co/cadre-change-application.pdf,https://placehold.co/qualifications.pdf}', 'Insufficient qualifications for requested cadre', 'emp8', 'cmd06nnbx000te67ww4cbaug7', 'cmd06nnbq000ne67wwmiwxuo8', '2025-04-26 12:45:09.296', '2025-06-29 12:45:09.296');
INSERT INTO public."CadreChangeRequest" VALUES ('cmd08neia001he6qkgh2tplbv', 'APPROVED', 'HR_REVIEW', 'Senior Administrative Officer', 'Career advancement', false, '{https://placehold.co/cadre-change-application.pdf,https://placehold.co/qualifications.pdf}', NULL, 'emp9', 'cmd06nnbx000te67ww4cbaug7', 'cmd06nnbl000je67wtl28pk42', '2025-04-06 12:45:09.298', '2025-06-17 12:45:09.298');
INSERT INTO public."CadreChangeRequest" VALUES ('cmd08neic001je6qkomon6imt', 'APPROVED', 'COMMISSION_REVIEW', 'Senior Education Officer', 'Skills alignment', true, '{https://placehold.co/cadre-change-application.pdf,https://placehold.co/qualifications.pdf}', NULL, 'emp9', 'cmd06nnbz000ve67wncnv4etg', NULL, '2025-03-30 12:45:09.3', '2025-06-16 12:45:09.3');
INSERT INTO public."CadreChangeRequest" VALUES ('cmd08neie001le6qkxgss8taj', 'UNDER_REVIEW', 'FINAL_APPROVAL', 'Education Officer', 'Career advancement', true, '{https://placehold.co/cadre-change-application.pdf,https://placehold.co/qualifications.pdf}', NULL, 'emp1', 'cmd06nnbx000te67ww4cbaug7', 'cmd06nnbq000ne67wwmiwxuo8', '2025-03-27 12:45:09.302', '2025-06-19 12:45:09.302');
INSERT INTO public."CadreChangeRequest" VALUES ('cmd1kypbu0001e6gc7v2yod78', 'Pending HRMO Review', 'initial', 'Afisa Mkuu Daraja la III', 'kuna uhitaji katika taasisi yetu', false, '{"Letter of Request",Certificate}', NULL, 'emp_003', 'cmd06nnbn000le67wtg41s3su', NULL, '2025-07-13 11:17:38.106', '2025-07-13 11:17:38.106');
INSERT INTO public."CadreChangeRequest" VALUES ('cmd1let7s0003e6gciwpw9wci', 'Pending HRMO Review', 'initial', 'Afisa Muandamizi Daraja la III', 'kuna uhitaji mkubwa awa kada hiyo', false, '{"Letter of Request",Certificate}', NULL, 'emp_006', 'cmd06nnbn000le67wtg41s3su', NULL, '2025-07-13 11:30:09.64', '2025-07-13 11:30:09.64');
INSERT INTO public."CadreChangeRequest" VALUES ('cmd1n5ay70001e6m4psaifpsy', 'Pending HRMO Review', 'initial', 'Afisa Mkuu Msaidizi', 'kuna uhitaji', false, '{"Letter of Request",Certificate}', NULL, 'emp_004', 'cmd06nnbn000le67wtg41s3su', 'cmd06nnbn000le67wtg41s3su', '2025-07-13 12:18:45.295', '2025-07-13 16:12:17.366');


--
-- Data for Name: Complaint; Type: TABLE DATA; Schema: public; Owner: postgres
--

INSERT INTO public."Complaint" VALUES ('cmd08nejb002be6qkujkym70h', 'Discrimination', 'Formal complaint regarding unfair treatment', 'This is a detailed description of the complaint. The complainant has experienced issues related to discrimination and is seeking appropriate action and resolution. The incident occurred during regular working hours and has affected the complainant''s work environment and productivity.', '0777-123009', '0778-542236', '{https://placehold.co/complaint-evidence.pdf,https://placehold.co/witness-statement.pdf}', 'REJECTED', 'INITIAL', NULL, NULL, 'Insufficient evidence to proceed with investigation', 'cmd06nnbu000re67wdeax0fwp', 'HHRMD', NULL, '2025-04-15 12:45:09.335', '2025-06-25 12:45:09.335');
INSERT INTO public."Complaint" VALUES ('cmd08neje002de6qkxls1avnb', 'Discrimination', 'Formal complaint regarding workplace harassment', 'This is a detailed description of the complaint. The complainant has experienced issues related to discrimination and is seeking appropriate action and resolution. The incident occurred during regular working hours and has affected the complainant''s work environment and productivity.', '0777-447638', '0778-440913', '{https://placehold.co/complaint-evidence.pdf,https://placehold.co/witness-statement.pdf}', 'REJECTED', 'INITIAL', NULL, NULL, 'Insufficient evidence to proceed with investigation', 'cmd06nnbz000ve67wncnv4etg', 'HRO', NULL, '2025-04-10 12:45:09.337', '2025-07-06 12:45:09.337');
INSERT INTO public."Complaint" VALUES ('cmd08nejg002fe6qk4oeqxes0', 'Service delivery', 'Formal complaint regarding policy violation', 'This is a detailed description of the complaint. The complainant has experienced issues related to unfair treatment and is seeking appropriate action and resolution. The incident occurred during regular working hours and has affected the complainant''s work environment and productivity.', '0777-914298', '0778-993027', '{https://placehold.co/complaint-evidence.pdf,https://placehold.co/witness-statement.pdf}', 'PENDING', 'HR_REVIEW', 'Initial review completed. Further investigation required.', 'Case assigned to investigating officer. Priority: Medium', NULL, 'cmd06nnbu000re67wdeax0fwp', 'DO', 'cmd059ir10002e6d86l802ljc', '2025-05-22 12:45:09.339', '2025-06-24 12:45:09.339');
INSERT INTO public."Complaint" VALUES ('cmd08neji002he6qk9n7hlyxz', 'Discrimination', 'Formal complaint regarding unfair treatment', 'This is a detailed description of the complaint. The complainant has experienced issues related to workplace harassment and is seeking appropriate action and resolution. The incident occurred during regular working hours and has affected the complainant''s work environment and productivity.', '0777-276616', '0778-891037', '{https://placehold.co/complaint-evidence.pdf,https://placehold.co/witness-statement.pdf}', 'PENDING', 'HR_REVIEW', 'Initial review completed. Further investigation required.', 'Case assigned to investigating officer. Priority: Medium', NULL, 'cmd06nnbz000ve67wncnv4etg', 'HRO', 'cmd059ir10002e6d86l802ljc', '2025-04-19 12:45:09.341', '2025-07-12 12:45:09.341');
INSERT INTO public."Complaint" VALUES ('cmd08nejk002je6qk8iqc25p7', 'Policy violation', 'Formal complaint regarding service delivery', 'This is a detailed description of the complaint. The complainant has experienced issues related to unfair treatment and is seeking appropriate action and resolution. The incident occurred during regular working hours and has affected the complainant''s work environment and productivity.', '0777-344690', '0778-919508', '{https://placehold.co/complaint-evidence.pdf,https://placehold.co/witness-statement.pdf}', 'REJECTED', 'INITIAL', 'Initial review completed. Further investigation required.', 'Case assigned to investigating officer. Priority: Medium', 'Insufficient evidence to proceed with investigation', 'cmd06nnbx000te67ww4cbaug7', 'HRO', 'cmd06nnbl000je67wtl28pk42', '2025-05-20 12:45:09.343', '2025-07-07 12:45:09.343');
INSERT INTO public."Complaint" VALUES ('cmd08nejm002le6qkwxipk10f', 'Service delivery', 'Formal complaint regarding service delivery', 'This is a detailed description of the complaint. The complainant has experienced issues related to service delivery and is seeking appropriate action and resolution. The incident occurred during regular working hours and has affected the complainant''s work environment and productivity.', '0777-573004', '0778-455709', '{https://placehold.co/complaint-evidence.pdf,https://placehold.co/witness-statement.pdf}', 'APPROVED', 'DIRECTOR_REVIEW', NULL, NULL, NULL, 'cmd06nnbu000re67wdeax0fwp', 'HHRMD', NULL, '2025-04-10 12:45:09.346', '2025-07-12 12:45:09.346');
INSERT INTO public."Complaint" VALUES ('cmd08nejo002ne6qkhr5ts0kd', 'Workplace harassment', 'Formal complaint regarding service delivery', 'This is a detailed description of the complaint. The complainant has experienced issues related to service delivery and is seeking appropriate action and resolution. The incident occurred during regular working hours and has affected the complainant''s work environment and productivity.', '0777-588006', '0778-749376', '{https://placehold.co/complaint-evidence.pdf,https://placehold.co/witness-statement.pdf}', 'UNDER_REVIEW', 'COMMISSION_REVIEW', NULL, NULL, NULL, 'cmd06nnbz000ve67wncnv4etg', 'DO', NULL, '2025-04-17 12:45:09.348', '2025-07-12 12:45:09.348');


--
-- Data for Name: ConfirmationRequest; Type: TABLE DATA; Schema: public; Owner: postgres
--

INSERT INTO public."ConfirmationRequest" VALUES ('cmd08nef80001e6qk110e80y6', 'REJECTED', 'HR_REVIEW', '{https://placehold.co/confirmation-letter.pdf,https://placehold.co/performance-report.pdf}', 'Insufficient documentation provided', 'emp8', 'cmd06nnbz000ve67wncnv4etg', 'cmd06nnbs000pe67woh62ey8r', '2025-06-27 12:45:09.187', NULL, '2025-05-13 12:45:09.187', '2025-07-01 12:45:09.187');
INSERT INTO public."ConfirmationRequest" VALUES ('cmd08neg50003e6qkxgzynfcq', 'APPROVED', 'COMMISSION_REVIEW', '{https://placehold.co/confirmation-letter.pdf,https://placehold.co/performance-report.pdf}', NULL, 'emp8', 'cmd06nnbz000ve67wncnv4etg', NULL, '2025-07-12 12:45:09.221', '2025-07-01 12:45:09.221', '2025-04-24 12:45:09.221', '2025-07-06 12:45:09.221');
INSERT INTO public."ConfirmationRequest" VALUES ('cmd08negp0005e6qktv9kh13o', 'UNDER_REVIEW', 'DIRECTOR_REVIEW', '{https://placehold.co/confirmation-letter.pdf,https://placehold.co/performance-report.pdf}', NULL, 'emp8', 'cmd06nnbx000te67ww4cbaug7', 'cmd06nnbq000ne67wwmiwxuo8', NULL, NULL, '2025-07-01 12:45:09.241', '2025-07-07 12:45:09.241');
INSERT INTO public."ConfirmationRequest" VALUES ('cmd08negs0007e6qkc02knatr', 'REJECTED', 'FINAL_APPROVAL', '{https://placehold.co/confirmation-letter.pdf,https://placehold.co/performance-report.pdf}', 'Insufficient documentation provided', 'emp8', 'cmd06nnbu000re67wdeax0fwp', 'cmd06nnbq000ne67wwmiwxuo8', '2025-07-10 12:45:09.243', NULL, '2025-05-18 12:45:09.243', '2025-06-22 12:45:09.243');
INSERT INTO public."ConfirmationRequest" VALUES ('cmd08negu0009e6qkond0rg45', 'PENDING', 'DIRECTOR_REVIEW', '{https://placehold.co/confirmation-letter.pdf,https://placehold.co/performance-report.pdf}', NULL, 'emp9', 'cmd06nnbx000te67ww4cbaug7', NULL, NULL, NULL, '2025-02-06 12:45:09.246', '2025-07-07 12:45:09.246');
INSERT INTO public."ConfirmationRequest" VALUES ('cmd08negx000be6qkuvyr51sw', 'REJECTED', 'FINAL_APPROVAL', '{https://placehold.co/confirmation-letter.pdf,https://placehold.co/performance-report.pdf}', 'Insufficient documentation provided', 'emp1', 'cmd06nnbx000te67ww4cbaug7', 'cmd059ir10002e6d86l802ljc', '2025-07-05 12:45:09.248', NULL, '2025-02-26 12:45:09.248', '2025-07-11 12:45:09.248');
INSERT INTO public."ConfirmationRequest" VALUES ('cmd08negz000de6qkwg9rc7j9', 'REJECTED', 'HR_REVIEW', '{https://placehold.co/confirmation-letter.pdf,https://placehold.co/performance-report.pdf}', 'Insufficient documentation provided', 'emp1', 'cmd06nnbz000ve67wncnv4etg', 'cmd06nnbl000je67wtl28pk42', '2025-07-12 12:45:09.251', NULL, '2025-06-25 12:45:09.251', '2025-06-27 12:45:09.251');
INSERT INTO public."ConfirmationRequest" VALUES ('cmd08neh1000fe6qkwwhbs675', 'APPROVED', 'HR_REVIEW', '{https://placehold.co/confirmation-letter.pdf,https://placehold.co/performance-report.pdf}', NULL, 'emp9', 'cmd06nnbz000ve67wncnv4etg', 'cmd06nnbl000je67wtl28pk42', '2025-07-02 12:45:09.253', '2025-07-08 12:45:09.253', '2025-05-14 12:45:09.253', '2025-06-22 12:45:09.253');
INSERT INTO public."ConfirmationRequest" VALUES ('cmd0ueqji0001e6gq7bmkselr', 'Approved by Commission', 'completed', '{"Evaluation Form","Letter of Request","IPA Certificate"}', NULL, 'emp1', 'cmd06nnbn000le67wtg41s3su', 'cmd059ir10002e6d86l802ljc', NULL, '2025-07-12 22:58:54.214', '2025-07-12 22:54:16.542', '2025-07-12 22:58:55.547');
INSERT INTO public."ConfirmationRequest" VALUES ('cmd0vy7a60001e6m40ihekvy4', 'Approved by Commission', 'completed', '{"Evaluation Form","Letter of Request","IPA Certificate"}', NULL, 'emp1', 'cmd06nnbn000le67wtg41s3su', 'cmd059ir10002e6d86l802ljc', NULL, '2025-07-12 23:37:55.432', '2025-07-12 23:37:24.318', '2025-07-12 23:37:57.132');


--
-- Data for Name: EmployeeCertificate; Type: TABLE DATA; Schema: public; Owner: postgres
--

INSERT INTO public."EmployeeCertificate" VALUES ('cmd08149n0001e6l8203sdq1u', 'Bachelor Degree', 'B.A. Public Administration', 'https://placehold.co/bachelor-ali.pdf', 'emp1');
INSERT INTO public."EmployeeCertificate" VALUES ('cmd08149q0003e6l8rv7relb2', 'Certificate', 'Certificate in Office Management', 'https://placehold.co/cert-ali.pdf', 'emp1');
INSERT INTO public."EmployeeCertificate" VALUES ('cmd08149w0005e6l8jbgsbkon', 'Bachelor Degree', 'B.Ed. Primary Education', 'https://placehold.co/bachelor-khadija.pdf', 'emp8');
INSERT INTO public."EmployeeCertificate" VALUES ('cmd0814a20007e6l8vcbs0lp8', 'Diploma', 'Diploma in Technical Education', 'https://placehold.co/diploma-yussuf.pdf', 'emp9');
INSERT INTO public."EmployeeCertificate" VALUES ('cmd0814a40009e6l8lok43j1g', 'Certificate', 'Certificate in Computer Skills', 'https://placehold.co/cert-yussuf.pdf', 'emp9');
INSERT INTO public."EmployeeCertificate" VALUES ('cmd08yb290001e6uriduozlxx', 'Bachelor Degree', 'B.Com', 'https://placehold.co/bachelor-degree-1-1.pdf', 'emp_001');
INSERT INTO public."EmployeeCertificate" VALUES ('cmd08yb450003e6urlrjs6hzf', 'Certificate', 'Certificate in Leadership', 'https://placehold.co/certificate-1-2.pdf', 'emp_001');
INSERT INTO public."EmployeeCertificate" VALUES ('cmd08yb470005e6urc43v3ysj', 'Master Degree', 'MA Education', 'https://placehold.co/master-degree-1-3.pdf', 'emp_001');
INSERT INTO public."EmployeeCertificate" VALUES ('cmd08yb4d0007e6ur5ywlvxxk', 'Diploma', 'Diploma in Engineering', 'https://placehold.co/diploma-2-1.pdf', 'emp_002');
INSERT INTO public."EmployeeCertificate" VALUES ('cmd08yb4e0009e6ur2qkbqjvb', 'Master Degree', 'MA Education', 'https://placehold.co/master-degree-2-2.pdf', 'emp_002');
INSERT INTO public."EmployeeCertificate" VALUES ('cmd08yb4g000be6ur9wf5nvkc', 'Diploma', 'Diploma in Agriculture', 'https://placehold.co/diploma-2-3.pdf', 'emp_002');
INSERT INTO public."EmployeeCertificate" VALUES ('cmd08yb4l000de6urj671m8gs', 'Diploma', 'Diploma in Engineering', 'https://placehold.co/diploma-3-1.pdf', 'emp_003');
INSERT INTO public."EmployeeCertificate" VALUES ('cmd08yb4n000fe6ur3449tl8w', 'PhD', 'Education', 'https://placehold.co/phd-3-2.pdf', 'emp_003');
INSERT INTO public."EmployeeCertificate" VALUES ('cmd08yb4p000he6urovm6hnrv', 'Certificate', 'Certificate in ICT', 'https://placehold.co/certificate-3-3.pdf', 'emp_003');
INSERT INTO public."EmployeeCertificate" VALUES ('cmd08yb4v000je6urjk08ps9u', 'Certificate', 'Certificate in ICT', 'https://placehold.co/certificate-4-1.pdf', 'emp_004');
INSERT INTO public."EmployeeCertificate" VALUES ('cmd08yb4w000le6urcj18a926', 'Diploma', 'Diploma in Administration', 'https://placehold.co/diploma-4-2.pdf', 'emp_004');
INSERT INTO public."EmployeeCertificate" VALUES ('cmd08yb4y000ne6ur548ox47s', 'PhD', 'Agriculture', 'https://placehold.co/phd-4-3.pdf', 'emp_004');
INSERT INTO public."EmployeeCertificate" VALUES ('cmd08yb52000pe6urp8ify0kv', 'Bachelor Degree', 'LLB', 'https://placehold.co/bachelor-degree-5-1.pdf', 'emp_005');
INSERT INTO public."EmployeeCertificate" VALUES ('cmd08yb54000re6urecqigs5p', 'Diploma', 'Diploma in Education', 'https://placehold.co/diploma-5-2.pdf', 'emp_005');
INSERT INTO public."EmployeeCertificate" VALUES ('cmd08yb5a000te6ur5lb4xcd2', 'Certificate', 'Certificate in Leadership', 'https://placehold.co/certificate-6-1.pdf', 'emp_006');
INSERT INTO public."EmployeeCertificate" VALUES ('cmd08yb5c000ve6urz44u1k3u', 'Diploma', 'Diploma in Administration', 'https://placehold.co/diploma-6-2.pdf', 'emp_006');
INSERT INTO public."EmployeeCertificate" VALUES ('cmd08yb5g000xe6urkpixe6qg', 'Diploma', 'Diploma in Education', 'https://placehold.co/diploma-7-1.pdf', 'emp_007');
INSERT INTO public."EmployeeCertificate" VALUES ('cmd08yb5i000ze6urv6emoili', 'Certificate', 'Certificate in Languages', 'https://placehold.co/certificate-7-2.pdf', 'emp_007');
INSERT INTO public."EmployeeCertificate" VALUES ('cmd08yb5n0011e6urx4kp7i38', 'Diploma', 'Diploma in Engineering', 'https://placehold.co/diploma-8-1.pdf', 'emp_008');
INSERT INTO public."EmployeeCertificate" VALUES ('cmd08yb5p0013e6urkduzwbcz', 'Master Degree', 'MA Education', 'https://placehold.co/master-degree-8-2.pdf', 'emp_008');
INSERT INTO public."EmployeeCertificate" VALUES ('cmd08yb5u0015e6urmitrp2xt', 'Certificate', 'Certificate in Leadership', 'https://placehold.co/certificate-9-1.pdf', 'emp_009');
INSERT INTO public."EmployeeCertificate" VALUES ('cmd08yb5v0017e6ur9ljbqir0', 'Master Degree', 'MA Public Policy', 'https://placehold.co/master-degree-9-2.pdf', 'emp_009');
INSERT INTO public."EmployeeCertificate" VALUES ('cmd08yb600019e6url0dfa6j7', 'Certificate', 'Certificate in Project Management', 'https://placehold.co/certificate-10-1.pdf', 'emp_010');
INSERT INTO public."EmployeeCertificate" VALUES ('cmd08yb62001be6urr6ejzkgd', 'PhD', 'Public Administration', 'https://placehold.co/phd-10-2.pdf', 'emp_010');
INSERT INTO public."EmployeeCertificate" VALUES ('cmd08yb67001de6urrtghk04q', 'Master Degree', 'MBA', 'https://placehold.co/master-degree-11-1.pdf', 'emp_011');
INSERT INTO public."EmployeeCertificate" VALUES ('cmd08yb69001fe6urnr5a9krc', 'PhD', 'Economics', 'https://placehold.co/phd-11-2.pdf', 'emp_011');
INSERT INTO public."EmployeeCertificate" VALUES ('cmd08yb6b001he6urf77oebtj', 'Master Degree', 'MA Development Studies', 'https://placehold.co/master-degree-11-3.pdf', 'emp_011');
INSERT INTO public."EmployeeCertificate" VALUES ('cmd08yb6g001je6urio0s0jjk', 'PhD', 'Economics', 'https://placehold.co/phd-12-1.pdf', 'emp_012');
INSERT INTO public."EmployeeCertificate" VALUES ('cmd08yb6i001le6urz5npbwnc', 'Certificate', 'Certificate in Languages', 'https://placehold.co/certificate-12-2.pdf', 'emp_012');
INSERT INTO public."EmployeeCertificate" VALUES ('cmd08yb6n001ne6urt2vlbm0b', 'Bachelor Degree', 'B.Com', 'https://placehold.co/bachelor-degree-13-1.pdf', 'emp_013');
INSERT INTO public."EmployeeCertificate" VALUES ('cmd08yb6o001pe6urteavm3xt', 'Master Degree', 'MBA', 'https://placehold.co/master-degree-13-2.pdf', 'emp_013');
INSERT INTO public."EmployeeCertificate" VALUES ('cmd08yb6q001re6ur4b1jypq9', 'Certificate', 'Certificate in Leadership', 'https://placehold.co/certificate-13-3.pdf', 'emp_013');
INSERT INTO public."EmployeeCertificate" VALUES ('cmd08yb6v001te6urw8alel5d', 'Certificate', 'Certificate in ICT', 'https://placehold.co/certificate-14-1.pdf', 'emp_014');
INSERT INTO public."EmployeeCertificate" VALUES ('cmd08yb6w001ve6urml8116f2', 'Diploma', 'Diploma in Engineering', 'https://placehold.co/diploma-14-2.pdf', 'emp_014');
INSERT INTO public."EmployeeCertificate" VALUES ('cmd08yb71001xe6urqb5wsh9m', 'Master Degree', 'MSc Agriculture', 'https://placehold.co/master-degree-15-1.pdf', 'emp_015');
INSERT INTO public."EmployeeCertificate" VALUES ('cmd08yb73001ze6urij1wygnw', 'Master Degree', 'MBA', 'https://placehold.co/master-degree-15-2.pdf', 'emp_015');
INSERT INTO public."EmployeeCertificate" VALUES ('cmd08yb740021e6urnxfxwmd5', 'Bachelor Degree', 'B.Sc. Engineering', 'https://placehold.co/bachelor-degree-15-3.pdf', 'emp_015');
INSERT INTO public."EmployeeCertificate" VALUES ('cmd08yb790023e6ursl7qv4ea', 'Diploma', 'Diploma in Agriculture', 'https://placehold.co/diploma-16-1.pdf', 'emp_016');
INSERT INTO public."EmployeeCertificate" VALUES ('cmd08yb7b0025e6ur3pghotd0', 'Master Degree', 'MBA', 'https://placehold.co/master-degree-16-2.pdf', 'emp_016');
INSERT INTO public."EmployeeCertificate" VALUES ('cmd08yb7g0027e6urjcuvem08', 'Diploma', 'Diploma in Engineering', 'https://placehold.co/diploma-17-1.pdf', 'emp_017');
INSERT INTO public."EmployeeCertificate" VALUES ('cmd08yb7i0029e6urcotol8jf', 'Diploma', 'Diploma in Education', 'https://placehold.co/diploma-17-2.pdf', 'emp_017');
INSERT INTO public."EmployeeCertificate" VALUES ('cmd08yb7j002be6urcbbeulxd', 'Bachelor Degree', 'B.Sc. Computer Science', 'https://placehold.co/bachelor-degree-17-3.pdf', 'emp_017');
INSERT INTO public."EmployeeCertificate" VALUES ('cmd08yb7l002de6urt3e7liss', 'Master Degree', 'MSc Engineering', 'https://placehold.co/master-degree-17-4.pdf', 'emp_017');
INSERT INTO public."EmployeeCertificate" VALUES ('cmd08yb7q002fe6ur7ob1a2f3', 'Certificate', 'Certificate in Project Management', 'https://placehold.co/certificate-18-1.pdf', 'emp_018');
INSERT INTO public."EmployeeCertificate" VALUES ('cmd08yb7r002he6ur1p8chtkz', 'Master Degree', 'MSc Agriculture', 'https://placehold.co/master-degree-18-2.pdf', 'emp_018');
INSERT INTO public."EmployeeCertificate" VALUES ('cmd08yb7t002je6urgcgheo3e', 'Diploma', 'Diploma in Agriculture', 'https://placehold.co/diploma-18-3.pdf', 'emp_018');
INSERT INTO public."EmployeeCertificate" VALUES ('cmd08yb7y002le6uraz2feoz5', 'Bachelor Degree', 'LLB', 'https://placehold.co/bachelor-degree-19-1.pdf', 'emp_019');
INSERT INTO public."EmployeeCertificate" VALUES ('cmd08yb80002ne6urmd058k23', 'Master Degree', 'MA Education', 'https://placehold.co/master-degree-19-2.pdf', 'emp_019');
INSERT INTO public."EmployeeCertificate" VALUES ('cmd08yb82002pe6ur0vk9597i', 'Master Degree', 'MA Public Policy', 'https://placehold.co/master-degree-19-3.pdf', 'emp_019');
INSERT INTO public."EmployeeCertificate" VALUES ('cmd08yb83002re6ur1vtnnmrd', 'Bachelor Degree', 'B.Sc. Computer Science', 'https://placehold.co/bachelor-degree-19-4.pdf', 'emp_019');
INSERT INTO public."EmployeeCertificate" VALUES ('cmd08yb88002te6urylnmmvb3', 'Bachelor Degree', 'B.Sc. Computer Science', 'https://placehold.co/bachelor-degree-20-1.pdf', 'emp_020');
INSERT INTO public."EmployeeCertificate" VALUES ('cmd08yb8a002ve6urvp4c3zsl', 'Diploma', 'Diploma in Administration', 'https://placehold.co/diploma-20-2.pdf', 'emp_020');
INSERT INTO public."EmployeeCertificate" VALUES ('cmd08yb8b002xe6ur9x9s78je', 'Diploma', 'Diploma in Agriculture', 'https://placehold.co/diploma-20-3.pdf', 'emp_020');
INSERT INTO public."EmployeeCertificate" VALUES ('cmd08yb8d002ze6urh8dscpe7', 'Bachelor Degree', 'B.Com', 'https://placehold.co/bachelor-degree-20-4.pdf', 'emp_020');
INSERT INTO public."EmployeeCertificate" VALUES ('cmd08yb8i0031e6urlk9cvua3', 'Certificate', 'Certificate in Leadership', 'https://placehold.co/certificate-21-1.pdf', 'emp_021');
INSERT INTO public."EmployeeCertificate" VALUES ('cmd08yb8k0033e6urxdfenjwu', 'Master Degree', 'MA Education', 'https://placehold.co/master-degree-21-2.pdf', 'emp_021');
INSERT INTO public."EmployeeCertificate" VALUES ('cmd08yb8p0035e6urlkn70zg9', 'Certificate', 'Certificate in Languages', 'https://placehold.co/certificate-22-1.pdf', 'emp_022');
INSERT INTO public."EmployeeCertificate" VALUES ('cmd08yb8r0037e6urvajlyo6a', 'Master Degree', 'MA Development Studies', 'https://placehold.co/master-degree-22-2.pdf', 'emp_022');
INSERT INTO public."EmployeeCertificate" VALUES ('cmd08yb8s0039e6urmut11vcn', 'PhD', 'Education', 'https://placehold.co/phd-22-3.pdf', 'emp_022');
INSERT INTO public."EmployeeCertificate" VALUES ('cmd08yb8u003be6urn9thdk2r', 'Master Degree', 'MBA', 'https://placehold.co/master-degree-22-4.pdf', 'emp_022');
INSERT INTO public."EmployeeCertificate" VALUES ('cmd08yb8y003de6ur4zbt9efv', 'PhD', 'Engineering', 'https://placehold.co/phd-23-1.pdf', 'emp_023');
INSERT INTO public."EmployeeCertificate" VALUES ('cmd08yb90003fe6ur3w18wor0', 'Master Degree', 'MA Development Studies', 'https://placehold.co/master-degree-23-2.pdf', 'emp_023');
INSERT INTO public."EmployeeCertificate" VALUES ('cmd08yb92003he6urw30rckn8', 'Bachelor Degree', 'LLB', 'https://placehold.co/bachelor-degree-23-3.pdf', 'emp_023');
INSERT INTO public."EmployeeCertificate" VALUES ('cmd08yb97003je6urp7ivgtod', 'Diploma', 'Diploma in Agriculture', 'https://placehold.co/diploma-24-1.pdf', 'emp_024');
INSERT INTO public."EmployeeCertificate" VALUES ('cmd08yb98003le6ur4fbew7ht', 'Certificate', 'Certificate in ICT', 'https://placehold.co/certificate-24-2.pdf', 'emp_024');
INSERT INTO public."EmployeeCertificate" VALUES ('cmd08yb9a003ne6ur2amdtess', 'PhD', 'Public Administration', 'https://placehold.co/phd-24-3.pdf', 'emp_024');
INSERT INTO public."EmployeeCertificate" VALUES ('cmd08yb9c003pe6urpvyvw0j3', 'Master Degree', 'MSc Agriculture', 'https://placehold.co/master-degree-24-4.pdf', 'emp_024');
INSERT INTO public."EmployeeCertificate" VALUES ('cmd08yb9h003re6ur2nsu3amd', 'PhD', 'Engineering', 'https://placehold.co/phd-25-1.pdf', 'emp_025');
INSERT INTO public."EmployeeCertificate" VALUES ('cmd08yb9i003te6urnfgkucd6', 'Certificate', 'Certificate in Languages', 'https://placehold.co/certificate-25-2.pdf', 'emp_025');
INSERT INTO public."EmployeeCertificate" VALUES ('cmd08yb9n003ve6urbm63vivc', 'Certificate', 'Certificate in Leadership', 'https://placehold.co/certificate-26-1.pdf', 'emp_026');
INSERT INTO public."EmployeeCertificate" VALUES ('cmd08yb9p003xe6uruxl9rsid', 'Diploma', 'Diploma in ICT', 'https://placehold.co/diploma-26-2.pdf', 'emp_026');
INSERT INTO public."EmployeeCertificate" VALUES ('cmd08yb9q003ze6ur9k6kmppz', 'Bachelor Degree', 'LLB', 'https://placehold.co/bachelor-degree-26-3.pdf', 'emp_026');
INSERT INTO public."EmployeeCertificate" VALUES ('cmd08yb9w0041e6urpqpg4jpz', 'Bachelor Degree', 'B.A. Public Administration', 'https://placehold.co/bachelor-degree-27-1.pdf', 'emp_027');
INSERT INTO public."EmployeeCertificate" VALUES ('cmd08yb9x0043e6uryciqkmfh', 'Master Degree', 'MA Education', 'https://placehold.co/master-degree-27-2.pdf', 'emp_027');
INSERT INTO public."EmployeeCertificate" VALUES ('cmd08yb9z0045e6ur7q6pz57m', 'Diploma', 'Diploma in Engineering', 'https://placehold.co/diploma-27-3.pdf', 'emp_027');
INSERT INTO public."EmployeeCertificate" VALUES ('cmd08yba00047e6ur2jlwfclq', 'Diploma', 'Diploma in Agriculture', 'https://placehold.co/diploma-27-4.pdf', 'emp_027');
INSERT INTO public."EmployeeCertificate" VALUES ('cmd08yba50049e6ur6v0l7vqk', 'Bachelor Degree', 'B.Ed.', 'https://placehold.co/bachelor-degree-28-1.pdf', 'emp_028');
INSERT INTO public."EmployeeCertificate" VALUES ('cmd08yba6004be6urgxpg1g7o', 'Bachelor Degree', 'B.Sc. Agriculture', 'https://placehold.co/bachelor-degree-28-2.pdf', 'emp_028');
INSERT INTO public."EmployeeCertificate" VALUES ('cmd08yba8004de6ur7hpsbba8', 'Diploma', 'Diploma in Education', 'https://placehold.co/diploma-28-3.pdf', 'emp_028');
INSERT INTO public."EmployeeCertificate" VALUES ('cmd08ybad004fe6urvvarr472', 'Master Degree', 'MA Development Studies', 'https://placehold.co/master-degree-29-1.pdf', 'emp_029');
INSERT INTO public."EmployeeCertificate" VALUES ('cmd08ybaf004he6urhcjncwsm', 'Diploma', 'Diploma in Agriculture', 'https://placehold.co/diploma-29-2.pdf', 'emp_029');
INSERT INTO public."EmployeeCertificate" VALUES ('cmd08ybaj004je6uruquc67b2', 'Master Degree', 'MA Public Policy', 'https://placehold.co/master-degree-30-1.pdf', 'emp_030');
INSERT INTO public."EmployeeCertificate" VALUES ('cmd08ybal004le6urh47vyc66', 'Master Degree', 'MSc Agriculture', 'https://placehold.co/master-degree-30-2.pdf', 'emp_030');
INSERT INTO public."EmployeeCertificate" VALUES ('cmd08ybaq004ne6urqgq4lcms', 'Certificate', 'Certificate in Leadership', 'https://placehold.co/certificate-31-1.pdf', 'emp_031');
INSERT INTO public."EmployeeCertificate" VALUES ('cmd08ybas004pe6urfwv6djis', 'Bachelor Degree', 'B.Com', 'https://placehold.co/bachelor-degree-31-2.pdf', 'emp_031');
INSERT INTO public."EmployeeCertificate" VALUES ('cmd08ybau004re6urc7l8n633', 'Diploma', 'Diploma in Agriculture', 'https://placehold.co/diploma-31-3.pdf', 'emp_031');
INSERT INTO public."EmployeeCertificate" VALUES ('cmd08ybaz004te6ur1rkyiltx', 'PhD', 'Economics', 'https://placehold.co/phd-32-1.pdf', 'emp_032');
INSERT INTO public."EmployeeCertificate" VALUES ('cmd08ybb1004ve6urnem1ce0w', 'Certificate', 'Certificate in Leadership', 'https://placehold.co/certificate-32-2.pdf', 'emp_032');
INSERT INTO public."EmployeeCertificate" VALUES ('cmd08ybb2004xe6uri3x14fp8', 'Bachelor Degree', 'LLB', 'https://placehold.co/bachelor-degree-32-3.pdf', 'emp_032');
INSERT INTO public."EmployeeCertificate" VALUES ('cmd08ybb7004ze6urcur4r8i4', 'Bachelor Degree', 'B.Ed.', 'https://placehold.co/bachelor-degree-33-1.pdf', 'emp_033');
INSERT INTO public."EmployeeCertificate" VALUES ('cmd08ybb90051e6urw8t0oz4y', 'Certificate', 'Certificate in Languages', 'https://placehold.co/certificate-33-2.pdf', 'emp_033');
INSERT INTO public."EmployeeCertificate" VALUES ('cmd08ybba0053e6urxp83ejy5', 'Bachelor Degree', 'B.Com', 'https://placehold.co/bachelor-degree-33-3.pdf', 'emp_033');
INSERT INTO public."EmployeeCertificate" VALUES ('cmd08ybbf0055e6ur3159zuna', 'Diploma', 'Diploma in ICT', 'https://placehold.co/diploma-34-1.pdf', 'emp_034');
INSERT INTO public."EmployeeCertificate" VALUES ('cmd08ybbh0057e6urup8ils6f', 'PhD', 'Engineering', 'https://placehold.co/phd-34-2.pdf', 'emp_034');
INSERT INTO public."EmployeeCertificate" VALUES ('cmd08ybbm0059e6urhu1o5gcj', 'Diploma', 'Diploma in Engineering', 'https://placehold.co/diploma-35-1.pdf', 'emp_035');
INSERT INTO public."EmployeeCertificate" VALUES ('cmd08ybbo005be6ur7spc8vzt', 'Diploma', 'Diploma in Agriculture', 'https://placehold.co/diploma-35-2.pdf', 'emp_035');
INSERT INTO public."EmployeeCertificate" VALUES ('cmd08ybbq005de6urdk6bwler', 'PhD', 'Agriculture', 'https://placehold.co/phd-35-3.pdf', 'emp_035');
INSERT INTO public."EmployeeCertificate" VALUES ('cmd08ybbr005fe6ursnwja9vt', 'PhD', 'Public Administration', 'https://placehold.co/phd-35-4.pdf', 'emp_035');
INSERT INTO public."EmployeeCertificate" VALUES ('cmd08ybbw005he6ur8ohi42k1', 'Bachelor Degree', 'B.Ed.', 'https://placehold.co/bachelor-degree-36-1.pdf', 'emp_036');
INSERT INTO public."EmployeeCertificate" VALUES ('cmd08ybbx005je6urqfgv43w7', 'PhD', 'Education', 'https://placehold.co/phd-36-2.pdf', 'emp_036');
INSERT INTO public."EmployeeCertificate" VALUES ('cmd08ybbz005le6urtfdxskq0', 'Diploma', 'Diploma in Administration', 'https://placehold.co/diploma-36-3.pdf', 'emp_036');
INSERT INTO public."EmployeeCertificate" VALUES ('cmd08ybc4005ne6urucn4lriv', 'Certificate', 'Certificate in Leadership', 'https://placehold.co/certificate-37-1.pdf', 'emp_037');
INSERT INTO public."EmployeeCertificate" VALUES ('cmd08ybc6005pe6urnfxsv3tr', 'PhD', 'Economics', 'https://placehold.co/phd-37-2.pdf', 'emp_037');
INSERT INTO public."EmployeeCertificate" VALUES ('cmd08ybca005re6urjl8c2sgh', 'Certificate', 'Certificate in Languages', 'https://placehold.co/certificate-38-1.pdf', 'emp_038');
INSERT INTO public."EmployeeCertificate" VALUES ('cmd08ybcc005te6ur2n9ebjq1', 'Bachelor Degree', 'LLB', 'https://placehold.co/bachelor-degree-38-2.pdf', 'emp_038');
INSERT INTO public."EmployeeCertificate" VALUES ('cmd08ybcg005ve6urex9dyufz', 'Master Degree', 'MA Education', 'https://placehold.co/master-degree-39-1.pdf', 'emp_039');
INSERT INTO public."EmployeeCertificate" VALUES ('cmd08ybci005xe6uraq49g3jj', 'PhD', 'Education', 'https://placehold.co/phd-39-2.pdf', 'emp_039');
INSERT INTO public."EmployeeCertificate" VALUES ('cmd08ybck005ze6urf7gfharq', 'Certificate', 'Certificate in Project Management', 'https://placehold.co/certificate-39-3.pdf', 'emp_039');
INSERT INTO public."EmployeeCertificate" VALUES ('cmd08ybcm0061e6ur2ghwl1ft', 'Certificate', 'Certificate in ICT', 'https://placehold.co/certificate-39-4.pdf', 'emp_039');
INSERT INTO public."EmployeeCertificate" VALUES ('cmd08ybcr0063e6ur0g7oki8q', 'PhD', 'Health Sciences', 'https://placehold.co/phd-40-1.pdf', 'emp_040');
INSERT INTO public."EmployeeCertificate" VALUES ('cmd08ybcs0065e6urc82uyhlp', 'Bachelor Degree', 'B.A. Public Administration', 'https://placehold.co/bachelor-degree-40-2.pdf', 'emp_040');
INSERT INTO public."EmployeeCertificate" VALUES ('cmd08ybcu0067e6ur21ezzp9z', 'Diploma', 'Diploma in Administration', 'https://placehold.co/diploma-40-3.pdf', 'emp_040');
INSERT INTO public."EmployeeCertificate" VALUES ('cmd08ybcv0069e6urc4ohwbhy', 'Diploma', 'Diploma in Engineering', 'https://placehold.co/diploma-40-4.pdf', 'emp_040');
INSERT INTO public."EmployeeCertificate" VALUES ('cmd08ybd0006be6urp0dip0g2', 'Diploma', 'Diploma in Engineering', 'https://placehold.co/diploma-41-1.pdf', 'emp_041');
INSERT INTO public."EmployeeCertificate" VALUES ('cmd08ybd5006de6ur2ckphc9u', 'Bachelor Degree', 'B.Sc. Agriculture', 'https://placehold.co/bachelor-degree-42-1.pdf', 'emp_042');
INSERT INTO public."EmployeeCertificate" VALUES ('cmd08ybd7006fe6urb1xpziqe', 'Diploma', 'Diploma in Administration', 'https://placehold.co/diploma-42-2.pdf', 'emp_042');
INSERT INTO public."EmployeeCertificate" VALUES ('cmd08ybd8006he6urgh8l1862', 'Bachelor Degree', 'B.Ed.', 'https://placehold.co/bachelor-degree-42-3.pdf', 'emp_042');
INSERT INTO public."EmployeeCertificate" VALUES ('cmd08ybda006je6ur7pkrx9x3', 'Bachelor Degree', 'B.Sc. Computer Science', 'https://placehold.co/bachelor-degree-42-4.pdf', 'emp_042');
INSERT INTO public."EmployeeCertificate" VALUES ('cmd08ybdf006le6urih8bc9r9', 'PhD', 'Agriculture', 'https://placehold.co/phd-43-1.pdf', 'emp_043');
INSERT INTO public."EmployeeCertificate" VALUES ('cmd08ybdh006ne6urgl67x7sj', 'Certificate', 'Certificate in Project Management', 'https://placehold.co/certificate-43-2.pdf', 'emp_043');
INSERT INTO public."EmployeeCertificate" VALUES ('cmd08ybdi006pe6urk9wr7mav', 'PhD', 'Health Sciences', 'https://placehold.co/phd-43-3.pdf', 'emp_043');
INSERT INTO public."EmployeeCertificate" VALUES ('cmd08ybdn006re6urzip3fsfd', 'Diploma', 'Diploma in Education', 'https://placehold.co/diploma-44-1.pdf', 'emp_044');
INSERT INTO public."EmployeeCertificate" VALUES ('cmd08ybdp006te6ur5li3f1cp', 'Master Degree', 'MBA', 'https://placehold.co/master-degree-44-2.pdf', 'emp_044');
INSERT INTO public."EmployeeCertificate" VALUES ('cmd08ybdt006ve6urb5tc2rq3', 'Diploma', 'Diploma in ICT', 'https://placehold.co/diploma-45-1.pdf', 'emp_045');
INSERT INTO public."EmployeeCertificate" VALUES ('cmd08ybdv006xe6ur3epn826d', 'Master Degree', 'MSc Agriculture', 'https://placehold.co/master-degree-45-2.pdf', 'emp_045');
INSERT INTO public."EmployeeCertificate" VALUES ('cmd08ybdw006ze6ur7jnt8sgc', 'Certificate', 'Certificate in Languages', 'https://placehold.co/certificate-45-3.pdf', 'emp_045');
INSERT INTO public."EmployeeCertificate" VALUES ('cmd08ybe10071e6urh7lnuecz', 'Master Degree', 'MA Education', 'https://placehold.co/master-degree-46-1.pdf', 'emp_046');
INSERT INTO public."EmployeeCertificate" VALUES ('cmd08ybe20073e6urzx7ixw40', 'Certificate', 'Certificate in Project Management', 'https://placehold.co/certificate-46-2.pdf', 'emp_046');
INSERT INTO public."EmployeeCertificate" VALUES ('cmd08ybe40075e6uriix0mz2h', 'PhD', 'Education', 'https://placehold.co/phd-46-3.pdf', 'emp_046');
INSERT INTO public."EmployeeCertificate" VALUES ('cmd08ybe90077e6urcl25xeh6', 'Diploma', 'Diploma in Agriculture', 'https://placehold.co/diploma-47-1.pdf', 'emp_047');
INSERT INTO public."EmployeeCertificate" VALUES ('cmd08ybeb0079e6ur7nijkdkc', 'Master Degree', 'MA Education', 'https://placehold.co/master-degree-47-2.pdf', 'emp_047');
INSERT INTO public."EmployeeCertificate" VALUES ('cmd08ybef007be6urdzl35r0t', 'Diploma', 'Diploma in Engineering', 'https://placehold.co/diploma-48-1.pdf', 'emp_048');
INSERT INTO public."EmployeeCertificate" VALUES ('cmd08ybeh007de6ur14ci8dya', 'PhD', 'Agriculture', 'https://placehold.co/phd-48-2.pdf', 'emp_048');
INSERT INTO public."EmployeeCertificate" VALUES ('cmd08ybei007fe6ur4yh3owky', 'Certificate', 'Certificate in Languages', 'https://placehold.co/certificate-48-3.pdf', 'emp_048');
INSERT INTO public."EmployeeCertificate" VALUES ('cmd08ybek007he6url1er6oeh', 'Master Degree', 'MA Public Policy', 'https://placehold.co/master-degree-48-4.pdf', 'emp_048');
INSERT INTO public."EmployeeCertificate" VALUES ('cmd08yber007je6urg5ndb9zt', 'Certificate', 'Certificate in Leadership', 'https://placehold.co/certificate-49-1.pdf', 'emp_049');
INSERT INTO public."EmployeeCertificate" VALUES ('cmd08ybet007le6urqras6yvt', 'Diploma', 'Diploma in Engineering', 'https://placehold.co/diploma-49-3.pdf', 'emp_049');
INSERT INTO public."EmployeeCertificate" VALUES ('cmd08ybey007ne6urgsp21mi3', 'PhD', 'Education', 'https://placehold.co/phd-50-1.pdf', 'emp_050');
INSERT INTO public."EmployeeCertificate" VALUES ('cmd08ybez007pe6urq8zl1lnn', 'Certificate', 'Certificate in Project Management', 'https://placehold.co/certificate-50-2.pdf', 'emp_050');
INSERT INTO public."EmployeeCertificate" VALUES ('cmd08ybf5007re6urzn0x3fuc', 'Master Degree', 'MA Public Policy', 'https://placehold.co/master-degree-51-1.pdf', 'emp_051');
INSERT INTO public."EmployeeCertificate" VALUES ('cmd08ybf6007te6urcjgvo4yu', 'PhD', 'Education', 'https://placehold.co/phd-51-2.pdf', 'emp_051');
INSERT INTO public."EmployeeCertificate" VALUES ('cmd08ybf8007ve6uree0u6fwe', 'Bachelor Degree', 'B.Sc. Agriculture', 'https://placehold.co/bachelor-degree-51-3.pdf', 'emp_051');
INSERT INTO public."EmployeeCertificate" VALUES ('cmd08ybfa007xe6urw15hdovz', 'Master Degree', 'MA Education', 'https://placehold.co/master-degree-51-4.pdf', 'emp_051');
INSERT INTO public."EmployeeCertificate" VALUES ('cmd08ybfe007ze6uru593jilr', 'Bachelor Degree', 'LLB', 'https://placehold.co/bachelor-degree-52-1.pdf', 'emp_052');
INSERT INTO public."EmployeeCertificate" VALUES ('cmd08ybfg0081e6urj0epnbjn', 'Certificate', 'Certificate in ICT', 'https://placehold.co/certificate-52-2.pdf', 'emp_052');
INSERT INTO public."EmployeeCertificate" VALUES ('cmd08ybfi0083e6urf48z71jl', 'Bachelor Degree', 'B.Sc. Agriculture', 'https://placehold.co/bachelor-degree-52-3.pdf', 'emp_052');
INSERT INTO public."EmployeeCertificate" VALUES ('cmd08ybfn0085e6urx6ugh6o9', 'Bachelor Degree', 'B.A. Public Administration', 'https://placehold.co/bachelor-degree-53-1.pdf', 'emp_053');
INSERT INTO public."EmployeeCertificate" VALUES ('cmd08ybfo0087e6urvpwrwhmx', 'Diploma', 'Diploma in ICT', 'https://placehold.co/diploma-53-2.pdf', 'emp_053');
INSERT INTO public."EmployeeCertificate" VALUES ('cmd08ybft0089e6ur405wsc8m', 'Certificate', 'Certificate in Languages', 'https://placehold.co/certificate-54-1.pdf', 'emp_054');
INSERT INTO public."EmployeeCertificate" VALUES ('cmd08ybfy008be6urq8kos8f4', 'PhD', 'Education', 'https://placehold.co/phd-55-1.pdf', 'emp_055');
INSERT INTO public."EmployeeCertificate" VALUES ('cmd08ybg0008de6urhw0d91yh', 'Master Degree', 'MBA', 'https://placehold.co/master-degree-55-2.pdf', 'emp_055');
INSERT INTO public."EmployeeCertificate" VALUES ('cmd08ybg2008fe6ur2y6kk5cx', 'Bachelor Degree', 'LLB', 'https://placehold.co/bachelor-degree-55-3.pdf', 'emp_055');
INSERT INTO public."EmployeeCertificate" VALUES ('cmd09evmo0001e6zw9u335wmp', 'Masters', 'Masters in Accounting', 'https://placehold.co/masters-in-accounting-59.pdf', 'emp_059');
INSERT INTO public."EmployeeCertificate" VALUES ('cmd09evom0003e6zwxtgg5mdz', 'Bachelor Degree', 'Bachelor in Accounting', 'https://placehold.co/bachelor-in-accounting-60.pdf', 'emp_060');
INSERT INTO public."EmployeeCertificate" VALUES ('cmd09evoo0005e6zw9o71i86h', 'PhD', 'Disaster Management', 'https://placehold.co/phd-60-2.pdf', 'emp_060');
INSERT INTO public."EmployeeCertificate" VALUES ('cmd09evop0007e6zw4uzb3nky', 'Bachelor Degree', 'Bachelor in Public Administration', 'https://placehold.co/bachelor-degree-60-3.pdf', 'emp_060');
INSERT INTO public."EmployeeCertificate" VALUES ('cmd09evov0009e6zwtqonofn5', 'Diploma', 'Diploma in Auditing', 'https://placehold.co/diploma-in-auditing-61.pdf', 'emp_061');
INSERT INTO public."EmployeeCertificate" VALUES ('cmd09evox000be6zwr2m36868', 'Diploma', 'Diploma in Social Work', 'https://placehold.co/diploma-61-2.pdf', 'emp_061');
INSERT INTO public."EmployeeCertificate" VALUES ('cmd09evp3000de6zwiv0f2jia', 'PhD', 'PhD Engineering', 'https://placehold.co/phd-engineering-62.pdf', 'emp_062');
INSERT INTO public."EmployeeCertificate" VALUES ('cmd09evp5000fe6zw4pjrazd8', 'Masters', 'Masters in Construction Management', 'https://placehold.co/masters-62-2.pdf', 'emp_062');
INSERT INTO public."EmployeeCertificate" VALUES ('cmd09evp6000he6zw1kh7g42p', 'Masters', 'Masters in Information Science', 'https://placehold.co/masters-62-3.pdf', 'emp_062');
INSERT INTO public."EmployeeCertificate" VALUES ('cmd09evpb000je6zwu8t3xpom', 'Masters', 'Masters in Engineering', 'https://placehold.co/masters-in-engineering-63.pdf', 'emp_063');
INSERT INTO public."EmployeeCertificate" VALUES ('cmd09evpd000le6zwr3xuwlta', 'Certificate', 'Certificate in Emergency Response', 'https://placehold.co/certificate-63-2.pdf', 'emp_063');
INSERT INTO public."EmployeeCertificate" VALUES ('cmd09evpi000ne6zwuc0hmp45', 'Certificate', 'Certificate in Laboratory Technology', 'https://placehold.co/certificate-in-laboratory-technology-64.pdf', 'emp_064');
INSERT INTO public."EmployeeCertificate" VALUES ('cmd09evpk000pe6zwrgmjmr6j', 'PhD', 'Engineering', 'https://placehold.co/phd-64-2.pdf', 'emp_064');
INSERT INTO public."EmployeeCertificate" VALUES ('cmd09evpp000re6zw7b4granq', 'LLM', 'LLM Constitutional Law', 'https://placehold.co/llm-constitutional-law-65.pdf', 'emp_065');
INSERT INTO public."EmployeeCertificate" VALUES ('cmd09evpq000te6zwqr0es26g', 'Masters', 'Masters in Psychology', 'https://placehold.co/masters-65-2.pdf', 'emp_065');
INSERT INTO public."EmployeeCertificate" VALUES ('cmd09evps000ve6zww9tl89sq', 'Bachelor Degree', 'Bachelor in Public Administration', 'https://placehold.co/bachelor-degree-65-3.pdf', 'emp_065');
INSERT INTO public."EmployeeCertificate" VALUES ('cmd09evpu000xe6zwp3wmrnym', 'Bachelor Degree', 'Bachelor in Education', 'https://placehold.co/bachelor-degree-65-4.pdf', 'emp_065');
INSERT INTO public."EmployeeCertificate" VALUES ('cmd09evpz000ze6zw01gufdm0', 'PhD', 'PhD Law', 'https://placehold.co/phd-law-66.pdf', 'emp_066');
INSERT INTO public."EmployeeCertificate" VALUES ('cmd09evq10011e6zwrfgva10b', 'Diploma', 'Diploma in ICT', 'https://placehold.co/diploma-66-2.pdf', 'emp_066');
INSERT INTO public."EmployeeCertificate" VALUES ('cmd09evq30013e6zw7a2qr0sw', 'Bachelor Degree', 'Bachelor in Library Science', 'https://placehold.co/bachelor-degree-66-3.pdf', 'emp_066');
INSERT INTO public."EmployeeCertificate" VALUES ('cmd09evuo004fe6zwgwmcl04w', 'PhD', 'Public Administration', 'https://placehold.co/phd-89-2.pdf', 'emp_089');
INSERT INTO public."EmployeeCertificate" VALUES ('cmd09evq70015e6zwrpzs0tfw', 'Masters', 'Masters in HR Management', 'https://placehold.co/masters-in-hr-management-67.pdf', 'emp_067');
INSERT INTO public."EmployeeCertificate" VALUES ('cmd09evq90017e6zwb26w9ixo', 'Masters', 'Masters in Risk Management', 'https://placehold.co/masters-67-2.pdf', 'emp_067');
INSERT INTO public."EmployeeCertificate" VALUES ('cmd09evqe0019e6zwjp435jnz', 'PhD', 'PhD Computer Science', 'https://placehold.co/phd-computer-science-68.pdf', 'emp_068');
INSERT INTO public."EmployeeCertificate" VALUES ('cmd09evqg001be6zwyg1s4zvw', 'Certificate', 'Certificate in Emergency Response', 'https://placehold.co/certificate-68-2.pdf', 'emp_068');
INSERT INTO public."EmployeeCertificate" VALUES ('cmd09evqi001de6zwral6blaf', 'Bachelor Degree', 'Bachelor in Computer Science', 'https://placehold.co/bachelor-degree-68-3.pdf', 'emp_068');
INSERT INTO public."EmployeeCertificate" VALUES ('cmd09evqn001fe6zwspwkmwwz', 'Masters', 'Masters in Cyber Security', 'https://placehold.co/masters-in-cyber-security-69.pdf', 'emp_069');
INSERT INTO public."EmployeeCertificate" VALUES ('cmd09evqo001he6zwaanb2cb8', 'LLM', 'Human Rights Law', 'https://placehold.co/llm-69-2.pdf', 'emp_069');
INSERT INTO public."EmployeeCertificate" VALUES ('cmd09evqt001je6zwp0ri5u2z', 'Bachelor Degree', 'Bachelor in Computer Science', 'https://placehold.co/bachelor-in-computer-science-70.pdf', 'emp_070');
INSERT INTO public."EmployeeCertificate" VALUES ('cmd09evqu001le6zw2ns02fjo', 'PhD', 'Engineering', 'https://placehold.co/phd-70-2.pdf', 'emp_070');
INSERT INTO public."EmployeeCertificate" VALUES ('cmd09evqz001ne6zw7z766m5v', 'Diploma', 'Diploma in ICT', 'https://placehold.co/diploma-in-ict-71.pdf', 'emp_071');
INSERT INTO public."EmployeeCertificate" VALUES ('cmd09evr1001pe6zw6tm4503t', 'PhD', 'Economics', 'https://placehold.co/phd-71-2.pdf', 'emp_071');
INSERT INTO public."EmployeeCertificate" VALUES ('cmd09evr5001re6zw1dzto1ll', 'Masters', 'Masters in Land Surveying', 'https://placehold.co/masters-in-land-surveying-72.pdf', 'emp_072');
INSERT INTO public."EmployeeCertificate" VALUES ('cmd09evr7001te6zw37hslwe8', 'LLM', 'Constitutional Law', 'https://placehold.co/llm-72-2.pdf', 'emp_072');
INSERT INTO public."EmployeeCertificate" VALUES ('cmd09evra001ve6zwluocxtu7', 'Masters', 'Masters in Finance', 'https://placehold.co/masters-72-3.pdf', 'emp_072');
INSERT INTO public."EmployeeCertificate" VALUES ('cmd09evrb001xe6zwgjpmwmow', 'PhD', 'Engineering', 'https://placehold.co/phd-72-4.pdf', 'emp_072');
INSERT INTO public."EmployeeCertificate" VALUES ('cmd09evrg001ze6zwkah465rf', 'LLM', 'LLM Land Law', 'https://placehold.co/llm-land-law-73.pdf', 'emp_073');
INSERT INTO public."EmployeeCertificate" VALUES ('cmd09evri0021e6zwfqieeile', 'Diploma', 'Diploma in Auditing', 'https://placehold.co/diploma-73-2.pdf', 'emp_073');
INSERT INTO public."EmployeeCertificate" VALUES ('cmd09evrm0023e6zw92avgvbv', 'Bachelor Degree', 'Bachelor in Geography', 'https://placehold.co/bachelor-in-geography-74.pdf', 'emp_074');
INSERT INTO public."EmployeeCertificate" VALUES ('cmd09evro0025e6zwwpmijfzn', 'PhD', 'Political Science', 'https://placehold.co/phd-74-2.pdf', 'emp_074');
INSERT INTO public."EmployeeCertificate" VALUES ('cmd09evrq0027e6zwz8razuo0', 'PhD', 'Economics', 'https://placehold.co/phd-74-3.pdf', 'emp_074');
INSERT INTO public."EmployeeCertificate" VALUES ('cmd09evrv0029e6zwy5vd5jh2', 'PhD', 'PhD Accounting', 'https://placehold.co/phd-accounting-75.pdf', 'emp_075');
INSERT INTO public."EmployeeCertificate" VALUES ('cmd09evrx002be6zw30yknxe9', 'Masters', 'Masters in Engineering', 'https://placehold.co/masters-75-2.pdf', 'emp_075');
INSERT INTO public."EmployeeCertificate" VALUES ('cmd09evs1002de6zw15bqjken', 'Masters', 'Masters in Economics', 'https://placehold.co/masters-in-economics-76.pdf', 'emp_076');
INSERT INTO public."EmployeeCertificate" VALUES ('cmd09evs3002fe6zwjtzc0hj8', 'LLM', 'Land Law', 'https://placehold.co/llm-76-2.pdf', 'emp_076');
INSERT INTO public."EmployeeCertificate" VALUES ('cmd09evs8002he6zw50p0xpjc', 'Bachelor Degree', 'Bachelor in Finance', 'https://placehold.co/bachelor-in-finance-77.pdf', 'emp_077');
INSERT INTO public."EmployeeCertificate" VALUES ('cmd09evs9002je6zw54jf3b8a', 'Certificate', 'Certificate in Digital Marketing', 'https://placehold.co/certificate-77-2.pdf', 'emp_077');
INSERT INTO public."EmployeeCertificate" VALUES ('cmd09evse002le6zwob82ch9j', 'PhD', 'PhD Library Science', 'https://placehold.co/phd-library-science-78.pdf', 'emp_078');
INSERT INTO public."EmployeeCertificate" VALUES ('cmd09evsg002ne6zwj0fn2hfe', 'Masters', 'Masters in Engineering', 'https://placehold.co/masters-78-2.pdf', 'emp_078');
INSERT INTO public."EmployeeCertificate" VALUES ('cmd09evsh002pe6zwt9h6zgu2', 'Masters', 'Masters in Risk Management', 'https://placehold.co/masters-78-3.pdf', 'emp_078');
INSERT INTO public."EmployeeCertificate" VALUES ('cmd09evsm002re6zw2phzgqft', 'Masters', 'Masters in Information Science', 'https://placehold.co/masters-in-information-science-79.pdf', 'emp_079');
INSERT INTO public."EmployeeCertificate" VALUES ('cmd09evsn002te6zwzjoxxqxj', 'Diploma', 'Diploma in Construction', 'https://placehold.co/diploma-79-2.pdf', 'emp_079');
INSERT INTO public."EmployeeCertificate" VALUES ('cmd09evsr002ve6zwkigjfqgd', 'Bachelor Degree', 'Bachelor in Library Science', 'https://placehold.co/bachelor-in-library-science-80.pdf', 'emp_080');
INSERT INTO public."EmployeeCertificate" VALUES ('cmd09evst002xe6zw48tdly30', 'Bachelor Degree', 'Bachelor in Education', 'https://placehold.co/bachelor-degree-80-2.pdf', 'emp_080');
INSERT INTO public."EmployeeCertificate" VALUES ('cmd09evsy002ze6zwlvikenz6', 'PhD', 'PhD Economics', 'https://placehold.co/phd-economics-81.pdf', 'emp_081');
INSERT INTO public."EmployeeCertificate" VALUES ('cmd09evsz0031e6zwyi3sq08h', 'Certificate', 'Certificate in Data Analysis', 'https://placehold.co/certificate-81-2.pdf', 'emp_081');
INSERT INTO public."EmployeeCertificate" VALUES ('cmd09evt10033e6zwhjb8hkwf', 'Masters', 'Masters in HR Management', 'https://placehold.co/masters-81-3.pdf', 'emp_081');
INSERT INTO public."EmployeeCertificate" VALUES ('cmd09evt50035e6zwhxddkz9b', 'Masters', 'Masters in Finance', 'https://placehold.co/masters-in-finance-82.pdf', 'emp_082');
INSERT INTO public."EmployeeCertificate" VALUES ('cmd09evt70037e6zwcwl9976f', 'Bachelor Degree', 'Bachelor in Education', 'https://placehold.co/bachelor-degree-82-2.pdf', 'emp_082');
INSERT INTO public."EmployeeCertificate" VALUES ('cmd09evt80039e6zwo8l328p9', 'Bachelor Degree', 'Bachelor in Public Administration', 'https://placehold.co/bachelor-degree-82-3.pdf', 'emp_082');
INSERT INTO public."EmployeeCertificate" VALUES ('cmd09evtc003be6zwotdmb7rh', 'Bachelor Degree', 'Bachelor in Statistics', 'https://placehold.co/bachelor-in-statistics-83.pdf', 'emp_083');
INSERT INTO public."EmployeeCertificate" VALUES ('cmd09evte003de6zwrcpmnqfi', 'Masters', 'Masters in Engineering', 'https://placehold.co/masters-83-2.pdf', 'emp_083');
INSERT INTO public."EmployeeCertificate" VALUES ('cmd09evti003fe6zwuv0t6vw0', 'PhD', 'PhD Tourism Management', 'https://placehold.co/phd-tourism-management-84.pdf', 'emp_084');
INSERT INTO public."EmployeeCertificate" VALUES ('cmd09evtk003he6zwlfz89ui9', 'LLM', 'International Law', 'https://placehold.co/llm-84-2.pdf', 'emp_084');
INSERT INTO public."EmployeeCertificate" VALUES ('cmd09evtl003je6zw2xz3sf15', 'Bachelor Degree', 'Bachelor in Finance', 'https://placehold.co/bachelor-degree-84-3.pdf', 'emp_084');
INSERT INTO public."EmployeeCertificate" VALUES ('cmd09evtm003le6zw3tefktf5', 'LLM', 'Land Law', 'https://placehold.co/llm-84-4.pdf', 'emp_084');
INSERT INTO public."EmployeeCertificate" VALUES ('cmd09evtr003ne6zwyf29cu5j', 'Masters', 'MBA Marketing', 'https://placehold.co/mba-marketing-85.pdf', 'emp_085');
INSERT INTO public."EmployeeCertificate" VALUES ('cmd09evts003pe6zwhjwredk9', 'Masters', 'Masters in Psychology', 'https://placehold.co/masters-85-2.pdf', 'emp_085');
INSERT INTO public."EmployeeCertificate" VALUES ('cmd09evtu003re6zwi2ozrf0t', 'Diploma', 'Diploma in ICT', 'https://placehold.co/diploma-85-3.pdf', 'emp_085');
INSERT INTO public."EmployeeCertificate" VALUES ('cmd09evtv003te6zw70ymt9w5', 'Diploma', 'Diploma in Laboratory Technology', 'https://placehold.co/diploma-85-4.pdf', 'emp_085');
INSERT INTO public."EmployeeCertificate" VALUES ('cmd09evu0003ve6zwc8kof14v', 'Diploma', 'Diploma in Tourism', 'https://placehold.co/diploma-in-tourism-86.pdf', 'emp_086');
INSERT INTO public."EmployeeCertificate" VALUES ('cmd09evu2003xe6zwvokrmhh3', 'PhD', 'Computer Science', 'https://placehold.co/phd-86-2.pdf', 'emp_086');
INSERT INTO public."EmployeeCertificate" VALUES ('cmd09evu3003ze6zweupbq20p', 'Certificate', 'Certificate in Emergency Response', 'https://placehold.co/certificate-86-3.pdf', 'emp_086');
INSERT INTO public."EmployeeCertificate" VALUES ('cmd09evu70041e6zwnof9rzmy', 'PhD', 'PhD Labour Economics', 'https://placehold.co/phd-labour-economics-87.pdf', 'emp_087');
INSERT INTO public."EmployeeCertificate" VALUES ('cmd09evu90043e6zwnrnproyg', 'LLM', 'Land Law', 'https://placehold.co/llm-87-2.pdf', 'emp_087');
INSERT INTO public."EmployeeCertificate" VALUES ('cmd09evub0045e6zwqo1pre9g', 'PhD', 'Engineering', 'https://placehold.co/phd-87-3.pdf', 'emp_087');
INSERT INTO public."EmployeeCertificate" VALUES ('cmd09evuc0047e6zwme8dj0lg', 'Bachelor Degree', 'Bachelor in Geography', 'https://placehold.co/bachelor-degree-87-4.pdf', 'emp_087');
INSERT INTO public."EmployeeCertificate" VALUES ('cmd09evug0049e6zwqxqlfrz2', 'Masters', 'Masters in Psychology', 'https://placehold.co/masters-in-psychology-88.pdf', 'emp_088');
INSERT INTO public."EmployeeCertificate" VALUES ('cmd09evui004be6zw391iosiz', 'Masters', 'Masters in Risk Management', 'https://placehold.co/masters-88-2.pdf', 'emp_088');
INSERT INTO public."EmployeeCertificate" VALUES ('cmd09evun004de6zwtjqp1fm0', 'Bachelor Degree', 'Bachelor in Education', 'https://placehold.co/bachelor-in-education-89.pdf', 'emp_089');
INSERT INTO public."EmployeeCertificate" VALUES ('cmd09evut004he6zwioyqnlrt', 'PhD', 'PhD Education', 'https://placehold.co/phd-education-90.pdf', 'emp_090');
INSERT INTO public."EmployeeCertificate" VALUES ('cmd09evuv004je6zw8s99z9m7', 'LLM', 'Land Law', 'https://placehold.co/llm-90-2.pdf', 'emp_090');
INSERT INTO public."EmployeeCertificate" VALUES ('cmd09evuw004le6zwmb5jzky0', 'LLM', 'Constitutional Law', 'https://placehold.co/llm-90-3.pdf', 'emp_090');
INSERT INTO public."EmployeeCertificate" VALUES ('cmd09evuy004ne6zwmfxxt351', 'Bachelor Degree', 'Bachelor in Public Administration', 'https://placehold.co/bachelor-degree-90-4.pdf', 'emp_090');
INSERT INTO public."EmployeeCertificate" VALUES ('cmd09evv2004pe6zwzss8lk2g', 'PhD', 'PhD Curriculum Studies', 'https://placehold.co/phd-curriculum-studies-91.pdf', 'emp_091');
INSERT INTO public."EmployeeCertificate" VALUES ('cmd09evv4004re6zwwfxi8zqv', 'Certificate', 'Certificate in Project Management', 'https://placehold.co/certificate-91-2.pdf', 'emp_091');
INSERT INTO public."EmployeeCertificate" VALUES ('cmd09evv9004te6zw2w7t8436', 'Masters', 'Masters in Education', 'https://placehold.co/masters-in-education-92.pdf', 'emp_092');
INSERT INTO public."EmployeeCertificate" VALUES ('cmd09evvb004ve6zwewnzblc1', 'LLM', 'Constitutional Law', 'https://placehold.co/llm-92-2.pdf', 'emp_092');
INSERT INTO public."EmployeeCertificate" VALUES ('cmd09evvf004xe6zwf35hlkbe', 'PhD', 'PhD Disaster Management', 'https://placehold.co/phd-disaster-management-93.pdf', 'emp_093');
INSERT INTO public."EmployeeCertificate" VALUES ('cmd09evvh004ze6zwhh8dfke9', 'Bachelor Degree', 'Bachelor in Finance', 'https://placehold.co/bachelor-degree-93-2.pdf', 'emp_093');
INSERT INTO public."EmployeeCertificate" VALUES ('cmd09evvj0051e6zwhb9ug7kj', 'LLM', 'Constitutional Law', 'https://placehold.co/llm-93-3.pdf', 'emp_093');
INSERT INTO public."EmployeeCertificate" VALUES ('cmd09evvk0053e6zwb3qm56pp', 'Certificate', 'Certificate in Emergency Response', 'https://placehold.co/certificate-93-4.pdf', 'emp_093');
INSERT INTO public."EmployeeCertificate" VALUES ('cmd09evvp0055e6zwdecf7bpt', 'Masters', 'Masters in Risk Management', 'https://placehold.co/masters-in-risk-management-94.pdf', 'emp_094');
INSERT INTO public."EmployeeCertificate" VALUES ('cmd09evvq0057e6zwq8oy87eu', 'Certificate', 'Certificate in Emergency Response', 'https://placehold.co/certificate-94-2.pdf', 'emp_094');
INSERT INTO public."EmployeeCertificate" VALUES ('cmd09evvv0059e6zwctrmlj52', 'Bachelor Degree', 'Bachelor in Public Administration', 'https://placehold.co/bachelor-in-public-administration-95.pdf', 'emp_095');
INSERT INTO public."EmployeeCertificate" VALUES ('cmd09evvw005be6zwdbdk2qur', 'Bachelor Degree', 'Bachelor in Finance', 'https://placehold.co/bachelor-degree-95-2.pdf', 'emp_095');
INSERT INTO public."EmployeeCertificate" VALUES ('cmd09evw1005de6zwtdniezyy', 'Masters', 'Masters in Construction Management', 'https://placehold.co/masters-in-construction-management-96.pdf', 'emp_096');
INSERT INTO public."EmployeeCertificate" VALUES ('cmd09evw2005fe6zwci9x6m71', 'Bachelor Degree', 'Bachelor in Education', 'https://placehold.co/bachelor-degree-96-2.pdf', 'emp_096');
INSERT INTO public."EmployeeCertificate" VALUES ('cmd09evw4005he6zwxhbcin3u', 'PhD', 'Disaster Management', 'https://placehold.co/phd-96-3.pdf', 'emp_096');
INSERT INTO public."EmployeeCertificate" VALUES ('cmd09evw8005je6zw0cb0dk1l', 'Bachelor Degree', 'Bachelor in Quantity Surveying', 'https://placehold.co/bachelor-in-quantity-surveying-97.pdf', 'emp_097');
INSERT INTO public."EmployeeCertificate" VALUES ('cmd09evwa005le6zw5zz3g0qw', 'Masters', 'MBA', 'https://placehold.co/masters-97-2.pdf', 'emp_097');
INSERT INTO public."EmployeeCertificate" VALUES ('cmd09evwe005ne6zwcpna1ho7', 'Diploma', 'Diploma in Construction', 'https://placehold.co/diploma-in-construction-98.pdf', 'emp_098');
INSERT INTO public."EmployeeCertificate" VALUES ('cmd09evwg005pe6zwm38hytlw', 'Diploma', 'Diploma in Tourism', 'https://placehold.co/diploma-98-2.pdf', 'emp_098');
INSERT INTO public."EmployeeCertificate" VALUES ('cmd09h6et0001e63pmajot4vb', 'PhD', 'PhD Public Administration', 'https://placehold.co/phd-public-administration-99.pdf', 'emp_099');
INSERT INTO public."EmployeeCertificate" VALUES ('cmd09h6fu0003e63p8d28c9ni', 'PhD', 'PhD Political Science', 'https://placehold.co/phd-political-science-100.pdf', 'emp_100');
INSERT INTO public."EmployeeCertificate" VALUES ('cmd09h6fy0005e63p690q9u4o', 'Diploma', 'Diploma in Social Work', 'https://placehold.co/diploma-in-social-work-101.pdf', 'emp_101');
INSERT INTO public."EmployeeCertificate" VALUES ('cmd0gxerf0001e6e1rpwv1gnn', 'PhD', 'PhD Marine Biology', 'https://placehold.co/phd-marine-biology-102.pdf', 'emp_102');
INSERT INTO public."EmployeeCertificate" VALUES ('cmd0gxeri0003e6e1086xybwu', 'Bachelor Degree', 'Broadcasting Technology', 'https://placehold.co/bachelor-degree-102-2.pdf', 'emp_102');
INSERT INTO public."EmployeeCertificate" VALUES ('cmd0gxern0005e6e1it6p1n0f', 'Masters', 'Masters in Heritage Conservation', 'https://placehold.co/masters-in-heritage-conservation-103.pdf', 'emp_103');
INSERT INTO public."EmployeeCertificate" VALUES ('cmd0gxerp0007e6e1n8u4nbjd', 'Bachelor Degree', 'Security Studies', 'https://placehold.co/bachelor-degree-103-2.pdf', 'emp_103');
INSERT INTO public."EmployeeCertificate" VALUES ('cmd0h0wnt0001e6h6dmpuvdfd', 'LLM', 'LLM Criminal Law', 'https://placehold.co/llm-criminal-law-104.pdf', 'emp_104');
INSERT INTO public."EmployeeCertificate" VALUES ('cmd0h0wnw0003e6h6mmy93e1g', 'PhD', 'Criminal Law', 'https://placehold.co/phd-104-2.pdf', 'emp_104');
INSERT INTO public."EmployeeCertificate" VALUES ('cmd0h0wny0005e6h69ecbx253', 'LLM', 'Human Rights Law', 'https://placehold.co/llm-104-3.pdf', 'emp_104');
INSERT INTO public."EmployeeCertificate" VALUES ('cmd0h0wnz0007e6h6jhqampux', 'Masters', 'Urban Planning', 'https://placehold.co/masters-104-4.pdf', 'emp_104');
INSERT INTO public."EmployeeCertificate" VALUES ('cmd0h0wo10009e6h6oygs9e72', 'Masters', 'Public Policy', 'https://placehold.co/masters-104-5.pdf', 'emp_104');
INSERT INTO public."EmployeeCertificate" VALUES ('cmd0h0wo7000be6h6hvwjc2u3', 'Bachelor Degree', 'Bachelor in Criminology', 'https://placehold.co/bachelor-in-criminology-105.pdf', 'emp_105');
INSERT INTO public."EmployeeCertificate" VALUES ('cmd0h0wo9000de6h6xhq30brg', 'Bachelor Degree', 'Business Administration', 'https://placehold.co/bachelor-degree-105-2.pdf', 'emp_105');
INSERT INTO public."EmployeeCertificate" VALUES ('cmd0h0wob000fe6h6duv29x4n', 'Diploma', 'Public Administration', 'https://placehold.co/diploma-105-3.pdf', 'emp_105');
INSERT INTO public."EmployeeCertificate" VALUES ('cmd0h0wog000he6h6n3y7many', 'Masters', 'Masters in Forensic Accounting', 'https://placehold.co/masters-in-forensic-accounting-106.pdf', 'emp_106');
INSERT INTO public."EmployeeCertificate" VALUES ('cmd0h0woh000je6h62y73er52', 'Diploma', 'Public Administration', 'https://placehold.co/diploma-106-2.pdf', 'emp_106');
INSERT INTO public."EmployeeCertificate" VALUES ('cmd0h0wom000le6h665fen5cp', 'LLM', 'LLM Criminal Procedure', 'https://placehold.co/llm-criminal-procedure-107.pdf', 'emp_107');
INSERT INTO public."EmployeeCertificate" VALUES ('cmd0h0won000ne6h65ugg9lhh', 'Masters', 'Project Management', 'https://placehold.co/masters-107-2.pdf', 'emp_107');
INSERT INTO public."EmployeeCertificate" VALUES ('cmd0h0wop000pe6h61lgiqgbg', 'Diploma', 'Laboratory Technology', 'https://placehold.co/diploma-107-3.pdf', 'emp_107');
INSERT INTO public."EmployeeCertificate" VALUES ('cmd0h0wor000re6h6z6uj16d9', 'LLM', 'International Law', 'https://placehold.co/llm-107-4.pdf', 'emp_107');
INSERT INTO public."EmployeeCertificate" VALUES ('cmd0h0wov000te6h6gfodcdbh', 'Certificate', 'LLB Law', 'https://placehold.co/llb-law-108.pdf', 'emp_108');
INSERT INTO public."EmployeeCertificate" VALUES ('cmd0h0wox000ve6h6x4envau6', 'Diploma', 'Electrical Technology', 'https://placehold.co/diploma-108-2.pdf', 'emp_108');
INSERT INTO public."EmployeeCertificate" VALUES ('cmd0h0woz000xe6h6fbt28je2', 'PhD', 'Taxation', 'https://placehold.co/phd-108-3.pdf', 'emp_108');
INSERT INTO public."EmployeeCertificate" VALUES ('cmd0h0wp4000ze6h6nzj7qzey', 'Bachelor Degree', 'Bachelor in Law', 'https://placehold.co/bachelor-in-law-109.pdf', 'emp_109');
INSERT INTO public."EmployeeCertificate" VALUES ('cmd0h0wp60011e6h6hd1707a1', 'LLM', 'Environmental Law', 'https://placehold.co/llm-109-2.pdf', 'emp_109');
INSERT INTO public."EmployeeCertificate" VALUES ('cmd0h0wpb0013e6h6uaj538t1', 'LLM', 'LLM Constitutional Law', 'https://placehold.co/llm-constitutional-law-110.pdf', 'emp_110');
INSERT INTO public."EmployeeCertificate" VALUES ('cmd0h0wpc0015e6h6n35hrp76', 'Certificate', 'Digital Skills', 'https://placehold.co/certificate-110-2.pdf', 'emp_110');
INSERT INTO public."EmployeeCertificate" VALUES ('cmd0h0wph0017e6h6fpukp5qo', 'LLM', 'LLM Public Law', 'https://placehold.co/llm-public-law-111.pdf', 'emp_111');
INSERT INTO public."EmployeeCertificate" VALUES ('cmd0h0wpj0019e6h66ryyv6ui', 'Diploma', 'Laboratory Technology', 'https://placehold.co/diploma-111-2.pdf', 'emp_111');
INSERT INTO public."EmployeeCertificate" VALUES ('cmd0h0wpo001be6h6xgbj2bb1', 'Certificate', 'LLB Law', 'https://placehold.co/llb-law-112.pdf', 'emp_112');
INSERT INTO public."EmployeeCertificate" VALUES ('cmd0h0wpq001de6h6q2t9wdoc', 'Certificate', 'Project Management', 'https://placehold.co/certificate-112-2.pdf', 'emp_112');
INSERT INTO public."EmployeeCertificate" VALUES ('cmd0h0wpr001fe6h6ugq3pq4r', 'LLM', 'International Law', 'https://placehold.co/llm-112-3.pdf', 'emp_112');
INSERT INTO public."EmployeeCertificate" VALUES ('cmd0h0wpw001he6h60zkzwefz', 'PhD', 'PhD Criminology', 'https://placehold.co/phd-criminology-113.pdf', 'emp_113');
INSERT INTO public."EmployeeCertificate" VALUES ('cmd0h0wpy001je6h6982ro6d4', 'Bachelor Degree', 'Education', 'https://placehold.co/bachelor-degree-113-2.pdf', 'emp_113');
INSERT INTO public."EmployeeCertificate" VALUES ('cmd0h0wq0001le6h6rm9kbkaq', 'Masters', 'Project Management', 'https://placehold.co/masters-113-3.pdf', 'emp_113');
INSERT INTO public."EmployeeCertificate" VALUES ('cmd0h0wq2001ne6h665fw7o2q', 'Certificate', 'Professional Development', 'https://placehold.co/certificate-113-4.pdf', 'emp_113');
INSERT INTO public."EmployeeCertificate" VALUES ('cmd0h0wq4001pe6h6zoz1m5mo', 'Diploma', 'ICT', 'https://placehold.co/diploma-113-5.pdf', 'emp_113');
INSERT INTO public."EmployeeCertificate" VALUES ('cmd0h0wq8001re6h6arm8wa8f', 'Masters', 'Masters in Criminal Justice', 'https://placehold.co/masters-in-criminal-justice-114.pdf', 'emp_114');
INSERT INTO public."EmployeeCertificate" VALUES ('cmd0h0wqa001te6h68fem996w', 'LLM', 'Human Rights Law', 'https://placehold.co/llm-114-2.pdf', 'emp_114');
INSERT INTO public."EmployeeCertificate" VALUES ('cmd0h0wqc001ve6h6hnsu5ku8', 'Certificate', 'Project Management', 'https://placehold.co/certificate-114-3.pdf', 'emp_114');
INSERT INTO public."EmployeeCertificate" VALUES ('cmd0h0wqd001xe6h6yvmvrite', 'Diploma', 'Laboratory Technology', 'https://placehold.co/diploma-114-4.pdf', 'emp_114');
INSERT INTO public."EmployeeCertificate" VALUES ('cmd0h0wqi001ze6h6y57zeem1', 'Bachelor Degree', 'Bachelor in Psychology', 'https://placehold.co/bachelor-in-psychology-115.pdf', 'emp_115');
INSERT INTO public."EmployeeCertificate" VALUES ('cmd0h0wqj0021e6h6tha1jj07', 'Masters', 'Public Health', 'https://placehold.co/masters-115-2.pdf', 'emp_115');
INSERT INTO public."EmployeeCertificate" VALUES ('cmd0h0wqo0023e6h6k0ld1qie', 'PhD', 'PhD Constitutional Law', 'https://placehold.co/phd-constitutional-law-116.pdf', 'emp_116');
INSERT INTO public."EmployeeCertificate" VALUES ('cmd0h0wqp0025e6h6ww1qiko0', 'Diploma', 'Water Technology', 'https://placehold.co/diploma-116-2.pdf', 'emp_116');
INSERT INTO public."EmployeeCertificate" VALUES ('cmd0h0wqr0027e6h66riokydr', 'Diploma', 'Electrical Technology', 'https://placehold.co/diploma-116-3.pdf', 'emp_116');
INSERT INTO public."EmployeeCertificate" VALUES ('cmd0h0wqs0029e6h6ufe8zw68', 'PhD', 'Marine Biology', 'https://placehold.co/phd-116-4.pdf', 'emp_116');
INSERT INTO public."EmployeeCertificate" VALUES ('cmd0h0wqx002be6h6fw65thpv', 'LLM', 'LLM Legislative Drafting', 'https://placehold.co/llm-legislative-drafting-117.pdf', 'emp_117');
INSERT INTO public."EmployeeCertificate" VALUES ('cmd0h0wqy002de6h6j5ybxb5b', 'Certificate', 'Quality Management', 'https://placehold.co/certificate-117-2.pdf', 'emp_117');
INSERT INTO public."EmployeeCertificate" VALUES ('cmd0h0wr0002fe6h6dq9alshp', 'Masters', 'Project Management', 'https://placehold.co/masters-117-3.pdf', 'emp_117');
INSERT INTO public."EmployeeCertificate" VALUES ('cmd0h0wr2002he6h6ob53mrr3', 'Masters', 'Hydrology', 'https://placehold.co/masters-117-4.pdf', 'emp_117');
INSERT INTO public."EmployeeCertificate" VALUES ('cmd0h0wr6002je6h686csz0nq', 'Masters', 'Masters in Public Administration', 'https://placehold.co/masters-in-public-administration-118.pdf', 'emp_118');
INSERT INTO public."EmployeeCertificate" VALUES ('cmd0h0wr8002le6h60f8kmqs3', 'Certificate', 'Professional Development', 'https://placehold.co/certificate-118-2.pdf', 'emp_118');
INSERT INTO public."EmployeeCertificate" VALUES ('cmd0h0wr9002ne6h6x2lpsfje', 'Bachelor Degree', 'Broadcasting Technology', 'https://placehold.co/bachelor-degree-118-3.pdf', 'emp_118');
INSERT INTO public."EmployeeCertificate" VALUES ('cmd0h0wrb002pe6h6hu0z58mb', 'Certificate', 'Digital Skills', 'https://placehold.co/certificate-118-4.pdf', 'emp_118');
INSERT INTO public."EmployeeCertificate" VALUES ('cmd0h0wrg002re6h69hwofzab', 'PhD', 'PhD Ethics and Governance', 'https://placehold.co/phd-ethics-and-governance-119.pdf', 'emp_119');
INSERT INTO public."EmployeeCertificate" VALUES ('cmd0h0wrh002te6h6zzoslkbs', 'Certificate', 'Leadership', 'https://placehold.co/certificate-119-2.pdf', 'emp_119');
INSERT INTO public."EmployeeCertificate" VALUES ('cmd0h0wrj002ve6h6nh14v5ro', 'Diploma', 'Community Health', 'https://placehold.co/diploma-119-3.pdf', 'emp_119');
INSERT INTO public."EmployeeCertificate" VALUES ('cmd0h0wrk002xe6h6w11mg29r', 'PhD', 'Marine Biology', 'https://placehold.co/phd-119-4.pdf', 'emp_119');
INSERT INTO public."EmployeeCertificate" VALUES ('cmd0h0wrm002ze6h6unuttagi', 'Certificate', 'Emergency Response', 'https://placehold.co/certificate-119-5.pdf', 'emp_119');
INSERT INTO public."EmployeeCertificate" VALUES ('cmd0h0wrq0031e6h6nwaq19h5', 'Masters', 'Masters in Public Administration', 'https://placehold.co/masters-in-public-administration-120.pdf', 'emp_120');
INSERT INTO public."EmployeeCertificate" VALUES ('cmd0h0wrs0033e6h66gjaxm4i', 'Bachelor Degree', 'Human Rights', 'https://placehold.co/bachelor-degree-120-2.pdf', 'emp_120');
INSERT INTO public."EmployeeCertificate" VALUES ('cmd0h0wrt0035e6h6i30qt16d', 'Diploma', 'ICT', 'https://placehold.co/diploma-120-3.pdf', 'emp_120');
INSERT INTO public."EmployeeCertificate" VALUES ('cmd0h0wry0037e6h6fbbjaqb5', 'Bachelor Degree', 'Bachelor in Law', 'https://placehold.co/bachelor-in-law-121.pdf', 'emp_121');
INSERT INTO public."EmployeeCertificate" VALUES ('cmd0h0wrz0039e6h6844hti3o', 'PhD', 'Human Rights Law', 'https://placehold.co/phd-121-2.pdf', 'emp_121');
INSERT INTO public."EmployeeCertificate" VALUES ('cmd0h0ws3003be6h61mhuhewy', 'PhD', 'PhD Political Science', 'https://placehold.co/phd-political-science-122.pdf', 'emp_122');
INSERT INTO public."EmployeeCertificate" VALUES ('cmd0h0ws4003de6h6y658kh7i', 'Masters', 'Public Health', 'https://placehold.co/masters-122-2.pdf', 'emp_122');
INSERT INTO public."EmployeeCertificate" VALUES ('cmd0h0ws6003fe6h6o9brdbxf', 'LLM', 'Human Rights Law', 'https://placehold.co/llm-122-3.pdf', 'emp_122');
INSERT INTO public."EmployeeCertificate" VALUES ('cmd0h0ws8003he6h63knkr24p', 'Bachelor Degree', 'Business Administration', 'https://placehold.co/bachelor-degree-122-4.pdf', 'emp_122');
INSERT INTO public."EmployeeCertificate" VALUES ('cmd0h0wsa003je6h6yyjb9898', 'Masters', 'Research Methods', 'https://placehold.co/masters-122-5.pdf', 'emp_122');
INSERT INTO public."EmployeeCertificate" VALUES ('cmd0h0wse003le6h6n4lpg0ci', 'Masters', 'Masters in Political Science', 'https://placehold.co/masters-in-political-science-123.pdf', 'emp_123');
INSERT INTO public."EmployeeCertificate" VALUES ('cmd0h0wsg003ne6h6i07cc0q7', 'Diploma', 'ICT', 'https://placehold.co/diploma-123-2.pdf', 'emp_123');
INSERT INTO public."EmployeeCertificate" VALUES ('cmd0h0wsh003pe6h6pwtxr96f', 'PhD', 'Mass Communication', 'https://placehold.co/phd-123-3.pdf', 'emp_123');
INSERT INTO public."EmployeeCertificate" VALUES ('cmd0h0wsj003re6h68j5e3hna', 'LLM', 'Environmental Law', 'https://placehold.co/llm-123-4.pdf', 'emp_123');
INSERT INTO public."EmployeeCertificate" VALUES ('cmd0h0wsn003te6h6owrrvxg5', 'Bachelor Degree', 'Bachelor in Mass Communication', 'https://placehold.co/bachelor-in-mass-communication-124.pdf', 'emp_124');
INSERT INTO public."EmployeeCertificate" VALUES ('cmd0h0wso003ve6h6gdzi9dq3', 'Bachelor Degree', 'Geography', 'https://placehold.co/bachelor-degree-124-2.pdf', 'emp_124');
INSERT INTO public."EmployeeCertificate" VALUES ('cmd0h0wst003xe6h6lpb1x307', 'Masters', 'Masters in International Relations', 'https://placehold.co/masters-in-international-relations-125.pdf', 'emp_125');
INSERT INTO public."EmployeeCertificate" VALUES ('cmd0h0wsu003ze6h63udvk5jk', 'Bachelor Degree', 'Human Rights', 'https://placehold.co/bachelor-degree-125-2.pdf', 'emp_125');
INSERT INTO public."EmployeeCertificate" VALUES ('cmd0h0wsw0041e6h67rm6l9rl', 'Diploma', 'Public Administration', 'https://placehold.co/diploma-125-3.pdf', 'emp_125');
INSERT INTO public."EmployeeCertificate" VALUES ('cmd0h0wsx0043e6h6zkee4vkk', 'Bachelor Degree', 'Security Studies', 'https://placehold.co/bachelor-degree-125-4.pdf', 'emp_125');
INSERT INTO public."EmployeeCertificate" VALUES ('cmd0h0wt10045e6h6ouj3aok7', 'Masters', 'Masters in Security Studies', 'https://placehold.co/masters-in-security-studies-126.pdf', 'emp_126');
INSERT INTO public."EmployeeCertificate" VALUES ('cmd0h0wt30047e6h62gjvmc0w', 'Bachelor Degree', 'Business Administration', 'https://placehold.co/bachelor-degree-126-2.pdf', 'emp_126');
INSERT INTO public."EmployeeCertificate" VALUES ('cmd0h0wt70049e6h6pv1cq2wk', 'Bachelor Degree', 'Bachelor in Journalism', 'https://placehold.co/bachelor-in-journalism-127.pdf', 'emp_127');
INSERT INTO public."EmployeeCertificate" VALUES ('cmd0h0wt9004be6h6nsrhcqo3', 'LLM', 'Criminal Procedure', 'https://placehold.co/llm-127-2.pdf', 'emp_127');
INSERT INTO public."EmployeeCertificate" VALUES ('cmd0h0wtd004de6h6vdrgbpoa', 'PhD', 'PhD Public Policy', 'https://placehold.co/phd-public-policy-128.pdf', 'emp_128');
INSERT INTO public."EmployeeCertificate" VALUES ('cmd0h0wtf004fe6h6s9cztxem', 'Masters', 'Food Science', 'https://placehold.co/masters-128-2.pdf', 'emp_128');
INSERT INTO public."EmployeeCertificate" VALUES ('cmd0h0wtg004he6h67ll72y1l', 'LLM', 'Environmental Law', 'https://placehold.co/llm-128-3.pdf', 'emp_128');
INSERT INTO public."EmployeeCertificate" VALUES ('cmd0h0wti004je6h6bqygylth', 'Diploma', 'Community Health', 'https://placehold.co/diploma-128-4.pdf', 'emp_128');
INSERT INTO public."EmployeeCertificate" VALUES ('cmd0h0wtj004le6h6pzfe7tkv', 'PhD', 'Electrical Engineering', 'https://placehold.co/phd-128-5.pdf', 'emp_128');
INSERT INTO public."EmployeeCertificate" VALUES ('cmd0h0wto004ne6h6icrrsgen', 'Masters', 'Masters in Development Studies', 'https://placehold.co/masters-in-development-studies-129.pdf', 'emp_129');
INSERT INTO public."EmployeeCertificate" VALUES ('cmd0h0wtp004pe6h69aocfirw', 'Certificate', 'Project Management', 'https://placehold.co/certificate-129-2.pdf', 'emp_129');
INSERT INTO public."EmployeeCertificate" VALUES ('cmd0h0wtr004re6h6wtvh5unu', 'LLM', 'Human Rights Law', 'https://placehold.co/llm-129-3.pdf', 'emp_129');
INSERT INTO public."EmployeeCertificate" VALUES ('cmd0h0wtt004te6h69uyfjxc2', 'Masters', 'Public Policy', 'https://placehold.co/masters-129-4.pdf', 'emp_129');
INSERT INTO public."EmployeeCertificate" VALUES ('cmd0h0wtx004ve6h69jze4x7a', 'Bachelor Degree', 'Bachelor in Public Administration', 'https://placehold.co/bachelor-in-public-administration-130.pdf', 'emp_130');
INSERT INTO public."EmployeeCertificate" VALUES ('cmd0h0wtz004xe6h6vf8hto8f', 'Diploma', 'Community Health', 'https://placehold.co/diploma-130-2.pdf', 'emp_130');
INSERT INTO public."EmployeeCertificate" VALUES ('cmd0h0wu3004ze6h6qm3goom7', 'Masters', 'Masters in Public Administration', 'https://placehold.co/masters-in-public-administration-131.pdf', 'emp_131');
INSERT INTO public."EmployeeCertificate" VALUES ('cmd0h0wu40051e6h66q1br4bj', 'PhD', 'Public Health', 'https://placehold.co/phd-131-2.pdf', 'emp_131');
INSERT INTO public."EmployeeCertificate" VALUES ('cmd0h0wu60053e6h6n6599bp5', 'Masters', 'Forensic Accounting', 'https://placehold.co/masters-131-3.pdf', 'emp_131');
INSERT INTO public."EmployeeCertificate" VALUES ('cmd0h0wu70055e6h6yba10ooe', 'Diploma', 'Laboratory Technology', 'https://placehold.co/diploma-131-4.pdf', 'emp_131');
INSERT INTO public."EmployeeCertificate" VALUES ('cmd0h0wu90057e6h64tvr70m8', 'PhD', 'Marine Biology', 'https://placehold.co/phd-131-5.pdf', 'emp_131');
INSERT INTO public."EmployeeCertificate" VALUES ('cmd0h0wud0059e6h625m98e8c', 'PhD', 'PhD Public Administration', 'https://placehold.co/phd-public-administration-132.pdf', 'emp_132');
INSERT INTO public."EmployeeCertificate" VALUES ('cmd0h0wue005be6h6wl9q2m2n', 'LLM', 'International Law', 'https://placehold.co/llm-132-2.pdf', 'emp_132');
INSERT INTO public."EmployeeCertificate" VALUES ('cmd0h0wug005de6h6nf3qt2g1', 'Diploma', 'Electrical Technology', 'https://placehold.co/diploma-132-3.pdf', 'emp_132');
INSERT INTO public."EmployeeCertificate" VALUES ('cmd0h0wuh005fe6h6dx7e3rxo', 'Masters', 'Hydrology', 'https://placehold.co/masters-132-4.pdf', 'emp_132');
INSERT INTO public."EmployeeCertificate" VALUES ('cmd0h0wum005he6h6w1rtjth3', 'Bachelor Degree', 'Bachelor in Administration', 'https://placehold.co/bachelor-in-administration-133.pdf', 'emp_133');
INSERT INTO public."EmployeeCertificate" VALUES ('cmd0h0wun005je6h6o3j03547', 'PhD', 'Maritime Engineering', 'https://placehold.co/phd-133-2.pdf', 'emp_133');
INSERT INTO public."EmployeeCertificate" VALUES ('cmd0h0wup005le6h67fknhmj1', 'Diploma', 'Community Health', 'https://placehold.co/diploma-133-3.pdf', 'emp_133');
INSERT INTO public."EmployeeCertificate" VALUES ('cmd0h0wut005ne6h6twmvgv2d', 'PhD', 'PhD Islamic Studies', 'https://placehold.co/phd-islamic-studies-134.pdf', 'emp_134');
INSERT INTO public."EmployeeCertificate" VALUES ('cmd0h0wuv005pe6h6qobidgq3', 'LLM', 'Environmental Law', 'https://placehold.co/llm-134-2.pdf', 'emp_134');
INSERT INTO public."EmployeeCertificate" VALUES ('cmd0h0wuz005re6h6uuudnb49', 'Masters', 'Masters in Islamic Education', 'https://placehold.co/masters-in-islamic-education-135.pdf', 'emp_135');
INSERT INTO public."EmployeeCertificate" VALUES ('cmd0h0wv0005te6h6agd7diy4', 'Bachelor Degree', 'Human Rights', 'https://placehold.co/bachelor-degree-135-2.pdf', 'emp_135');
INSERT INTO public."EmployeeCertificate" VALUES ('cmd0h0wv4005ve6h60m7ztf8u', 'Bachelor Degree', 'Bachelor in Islamic Studies', 'https://placehold.co/bachelor-in-islamic-studies-136.pdf', 'emp_136');
INSERT INTO public."EmployeeCertificate" VALUES ('cmd0h0wv6005xe6h6c2ip5rq6', 'Masters', 'Heritage Conservation', 'https://placehold.co/masters-136-2.pdf', 'emp_136');
INSERT INTO public."EmployeeCertificate" VALUES ('cmd0h0wva005ze6h6waqrjdd2', 'PhD', 'PhD Regional Development', 'https://placehold.co/phd-regional-development-137.pdf', 'emp_137');
INSERT INTO public."EmployeeCertificate" VALUES ('cmd0h0wvc0061e6h67a5rbz9g', 'Certificate', 'Leadership', 'https://placehold.co/certificate-137-2.pdf', 'emp_137');
INSERT INTO public."EmployeeCertificate" VALUES ('cmd0h0wvd0063e6h6yaxmws03', 'Bachelor Degree', 'Geography', 'https://placehold.co/bachelor-degree-137-3.pdf', 'emp_137');
INSERT INTO public."EmployeeCertificate" VALUES ('cmd0h0wve0065e6h6y5c4m8q4', 'LLM', 'Criminal Procedure', 'https://placehold.co/llm-137-4.pdf', 'emp_137');
INSERT INTO public."EmployeeCertificate" VALUES ('cmd0h0wvg0067e6h6magnijvk', 'Masters', 'Research Methods', 'https://placehold.co/masters-137-5.pdf', 'emp_137');
INSERT INTO public."EmployeeCertificate" VALUES ('cmd0h0wvk0069e6h6dki246hy', 'PhD', 'PhD Local Government', 'https://placehold.co/phd-local-government-138.pdf', 'emp_138');
INSERT INTO public."EmployeeCertificate" VALUES ('cmd0h0wvm006be6h6d5f2z9go', 'Certificate', 'Professional Development', 'https://placehold.co/certificate-138-2.pdf', 'emp_138');
INSERT INTO public."EmployeeCertificate" VALUES ('cmd0h0wvo006de6h6kw5b9ilz', 'Diploma', 'ICT', 'https://placehold.co/diploma-138-3.pdf', 'emp_138');
INSERT INTO public."EmployeeCertificate" VALUES ('cmd0h0wvp006fe6h65lpkc3vi', 'Certificate', 'Digital Skills', 'https://placehold.co/certificate-138-4.pdf', 'emp_138');
INSERT INTO public."EmployeeCertificate" VALUES ('cmd0h0wvu006he6h690pum8yb', 'Masters', 'Masters in Community Development', 'https://placehold.co/masters-in-community-development-139.pdf', 'emp_139');
INSERT INTO public."EmployeeCertificate" VALUES ('cmd0h0wvv006je6h6vpb6f67j', 'Certificate', 'Emergency Response', 'https://placehold.co/certificate-139-2.pdf', 'emp_139');
INSERT INTO public."EmployeeCertificate" VALUES ('cmd0h0ww0006le6h657ui251v', 'Masters', 'Masters in Civil Engineering', 'https://placehold.co/masters-in-civil-engineering-140.pdf', 'emp_140');
INSERT INTO public."EmployeeCertificate" VALUES ('cmd0h0ww1006ne6h6349hz8sv', 'Bachelor Degree', 'Broadcasting Technology', 'https://placehold.co/bachelor-degree-140-2.pdf', 'emp_140');
INSERT INTO public."EmployeeCertificate" VALUES ('cmd0h0ww3006pe6h6dxisjqp1', 'Diploma', 'Water Technology', 'https://placehold.co/diploma-140-3.pdf', 'emp_140');
INSERT INTO public."EmployeeCertificate" VALUES ('cmd0h0ww7006re6h6itct4xcb', 'PhD', 'PhD Agronomy', 'https://placehold.co/phd-agronomy-141.pdf', 'emp_141');
INSERT INTO public."EmployeeCertificate" VALUES ('cmd0h0ww9006te6h630c2ih8s', 'LLM', 'Criminal Procedure', 'https://placehold.co/llm-141-2.pdf', 'emp_141');
INSERT INTO public."EmployeeCertificate" VALUES ('cmd0h0wwa006ve6h6ctz977ko', 'Masters', 'International Trade', 'https://placehold.co/masters-141-3.pdf', 'emp_141');
INSERT INTO public."EmployeeCertificate" VALUES ('cmd0h0wwe006xe6h6z4jykh9k', 'Masters', 'Masters in Energy Engineering', 'https://placehold.co/masters-in-energy-engineering-142.pdf', 'emp_142');
INSERT INTO public."EmployeeCertificate" VALUES ('cmd0h0wwg006ze6h6eep6hyjx', 'LLM', 'Maritime Law', 'https://placehold.co/llm-142-2.pdf', 'emp_142');
INSERT INTO public."EmployeeCertificate" VALUES ('cmd0h0wwk0071e6h6i5oxma1j', 'Bachelor Degree', 'Bachelor in International Business', 'https://placehold.co/bachelor-in-international-business-143.pdf', 'emp_143');
INSERT INTO public."EmployeeCertificate" VALUES ('cmd0h0wwm0073e6h68645syjs', 'Certificate', 'Emergency Response', 'https://placehold.co/certificate-143-2.pdf', 'emp_143');
INSERT INTO public."EmployeeCertificate" VALUES ('cmd0h0wwq0075e6h6c6l4qmhf', 'PhD', 'PhD Youth Development', 'https://placehold.co/phd-youth-development-144.pdf', 'emp_144');
INSERT INTO public."EmployeeCertificate" VALUES ('cmd0h0wws0077e6h6ztbd5u1n', 'Diploma', 'Public Administration', 'https://placehold.co/diploma-144-2.pdf', 'emp_144');
INSERT INTO public."EmployeeCertificate" VALUES ('cmd0h0wwt0079e6h68cqdmydj', 'Certificate', 'Project Management', 'https://placehold.co/certificate-144-3.pdf', 'emp_144');
INSERT INTO public."EmployeeCertificate" VALUES ('cmd0h0wwv007be6h6p1yieq9e', 'Bachelor Degree', 'Law', 'https://placehold.co/bachelor-degree-144-4.pdf', 'emp_144');
INSERT INTO public."EmployeeCertificate" VALUES ('cmd0h0wwz007de6h604il2t64', 'Bachelor Degree', 'Bachelor in Sports Science', 'https://placehold.co/bachelor-in-sports-science-145.pdf', 'emp_145');
INSERT INTO public."EmployeeCertificate" VALUES ('cmd0h0wx0007fe6h64087x156', 'LLM', 'Human Rights Law', 'https://placehold.co/llm-145-2.pdf', 'emp_145');
INSERT INTO public."EmployeeCertificate" VALUES ('cmd0h0wx5007he6h6de2jfsa9', 'Masters', 'Masters in Human Resource Management', 'https://placehold.co/masters-in-human-resource-management-146.pdf', 'emp_146');
INSERT INTO public."EmployeeCertificate" VALUES ('cmd0h0wx6007je6h6ebgtrgjn', 'PhD', 'Marine Biology', 'https://placehold.co/phd-146-2.pdf', 'emp_146');
INSERT INTO public."EmployeeCertificate" VALUES ('cmd0h0wxa007le6h6oiclmzpe', 'Masters', 'Masters in Construction Management', 'https://placehold.co/masters-in-construction-management-147.pdf', 'emp_147');
INSERT INTO public."EmployeeCertificate" VALUES ('cmd0h0wxc007ne6h695dj8uyi', 'Diploma', 'Public Administration', 'https://placehold.co/diploma-147-2.pdf', 'emp_147');
INSERT INTO public."EmployeeCertificate" VALUES ('cmd0h0wxg007pe6h6sqxtgjdd', 'Masters', 'Masters in Disaster Management', 'https://placehold.co/masters-in-disaster-management-148.pdf', 'emp_148');
INSERT INTO public."EmployeeCertificate" VALUES ('cmd0h0wxh007re6h6xdwmug3f', 'Certificate', 'Emergency Response', 'https://placehold.co/certificate-148-2.pdf', 'emp_148');
INSERT INTO public."EmployeeCertificate" VALUES ('cmd0h0wxm007te6h6lsm5qtil', 'Masters', 'Masters in Information Science', 'https://placehold.co/masters-in-information-science-149.pdf', 'emp_149');
INSERT INTO public."EmployeeCertificate" VALUES ('cmd0h0wxn007ve6h6paqkwfgd', 'Certificate', 'Project Management', 'https://placehold.co/certificate-149-2.pdf', 'emp_149');
INSERT INTO public."EmployeeCertificate" VALUES ('cmd0h0wxr007xe6h65fpr8utn', 'PhD', 'PhD Marine Biology', 'https://placehold.co/phd-marine-biology-150.pdf', 'emp_150');
INSERT INTO public."EmployeeCertificate" VALUES ('cmd0h0wxt007ze6h6ucurfimf', 'Bachelor Degree', 'Accounting', 'https://placehold.co/bachelor-degree-150-2.pdf', 'emp_150');
INSERT INTO public."EmployeeCertificate" VALUES ('cmd0h0wxy0081e6h6hlp9p3kc', 'Masters', 'Masters in Heritage Conservation', 'https://placehold.co/masters-in-heritage-conservation-151.pdf', 'emp_151');
INSERT INTO public."EmployeeCertificate" VALUES ('cmd0h0wxz0083e6h6ukfoubxg', 'Bachelor Degree', 'Geography', 'https://placehold.co/bachelor-degree-151-2.pdf', 'emp_151');


--
-- Data for Name: LwopRequest; Type: TABLE DATA; Schema: public; Owner: postgres
--

INSERT INTO public."LwopRequest" VALUES ('cmd08nehs0011e6qkmkjvhr1x', 'APPROVED', 'FINAL_APPROVAL', '1 year', 'Personal study', '{https://placehold.co/lwop-application.pdf,https://placehold.co/supporting-documents.pdf}', NULL, 'emp9', 'cmd06nnbx000te67ww4cbaug7', 'cmd06nnbn000le67wtg41s3su', '2025-06-13 12:45:09.279', '2025-06-30 12:45:09.279');
INSERT INTO public."LwopRequest" VALUES ('cmd08nehu0013e6qknl185vph', 'APPROVED', 'COMMISSION_REVIEW', '3 months', 'Personal study', '{https://placehold.co/lwop-application.pdf,https://placehold.co/supporting-documents.pdf}', NULL, 'emp1', 'cmd06nnbx000te67ww4cbaug7', 'cmd06nnbq000ne67wwmiwxuo8', '2025-06-28 12:45:09.282', '2025-07-01 12:45:09.282');
INSERT INTO public."LwopRequest" VALUES ('cmd08nehx0015e6qkmekftdzl', 'PENDING', 'HR_REVIEW', '1 year', 'Family emergency', '{https://placehold.co/lwop-application.pdf,https://placehold.co/supporting-documents.pdf}', NULL, 'emp1', 'cmd06nnbz000ve67wncnv4etg', NULL, '2025-05-08 12:45:09.284', '2025-06-15 12:45:09.284');
INSERT INTO public."LwopRequest" VALUES ('cmd08nehz0017e6qklpfxsdun', 'REJECTED', 'FINAL_APPROVAL', '6 months', 'Further education', '{https://placehold.co/lwop-application.pdf,https://placehold.co/supporting-documents.pdf}', 'Request period conflicts with operational needs', 'emp1', 'cmd06nnbx000te67ww4cbaug7', NULL, '2025-06-30 12:45:09.287', '2025-06-29 12:45:09.287');
INSERT INTO public."LwopRequest" VALUES ('cmd08nei10019e6qk54d8ut5c', 'APPROVED', 'INITIAL', '6 months', 'Personal study', '{https://placehold.co/lwop-application.pdf,https://placehold.co/supporting-documents.pdf}', NULL, 'emp1', 'cmd06nnbx000te67ww4cbaug7', NULL, '2025-06-08 12:45:09.289', '2025-07-05 12:45:09.289');
INSERT INTO public."LwopRequest" VALUES ('cmd08nei3001be6qk5ogon7kb', 'PENDING', 'HR_REVIEW', '3 months', 'Family emergency', '{https://placehold.co/lwop-application.pdf,https://placehold.co/supporting-documents.pdf}', NULL, 'emp1', 'cmd06nnbu000re67wdeax0fwp', 'cmd06nnbn000le67wtg41s3su', '2025-04-27 12:45:09.291', '2025-06-21 12:45:09.291');


--
-- Data for Name: Notification; Type: TABLE DATA; Schema: public; Owner: postgres
--

INSERT INTO public."Notification" VALUES ('cmd08nejq002pe6qkf0vny2gm', 'Document submission deadline approaching', '/dashboard', true, 'cmd06nnbn000le67wtg41s3su', '2025-07-09 12:45:09.35');
INSERT INTO public."Notification" VALUES ('cmd08nejx002te6qki3rnhq0y', 'LWOP request submitted successfully', '/dashboard', false, 'cmd06nnbs000pe67woh62ey8r', '2025-06-22 12:45:09.356');
INSERT INTO public."Notification" VALUES ('cmd08nejz002ve6qkgwu1jlz9', 'Retirement request pending commission approval', '/dashboard', true, 'cmd059ir10002e6d86l802ljc', '2025-07-07 12:45:09.359');
INSERT INTO public."Notification" VALUES ('cmd08nek1002xe6qkvnbqgb4v', 'Document submission deadline approaching', '/dashboard', true, 'cmd06nnbn000le67wtg41s3su', '2025-06-14 12:45:09.36');
INSERT INTO public."Notification" VALUES ('cmd08nek2002ze6qkozdu6go4', 'Service extension request approved', '/dashboard', true, 'cmd06nnbs000pe67woh62ey8r', '2025-07-01 12:45:09.362');
INSERT INTO public."Notification" VALUES ('cmd08nek40031e6qksgxhushl', 'Service extension request approved', '/dashboard', false, 'cmd06nnbi000he67wz9doivi6', '2025-07-10 12:45:09.364');
INSERT INTO public."Notification" VALUES ('cmd08nek60033e6qk5s8kx9if', 'Service extension request approved', '/dashboard', false, 'cmd06nnbs000pe67woh62ey8r', '2025-07-03 12:45:09.366');
INSERT INTO public."Notification" VALUES ('cmd08nek80035e6qkl6ec2uga', 'LWOP request submitted successfully', '/dashboard', true, 'cmd06nnbd000de67wb6e6ild5', '2025-06-29 12:45:09.368');
INSERT INTO public."Notification" VALUES ('cmd08nek90037e6qk6qc17cha', 'Service extension request approved', '/dashboard', true, 'cmd06nnbb000be67wwgil78yv', '2025-06-24 12:45:09.369');
INSERT INTO public."Notification" VALUES ('cmd08nekb0039e6qkzv9so9xz', 'Complaint investigation update available', '/dashboard', false, 'cmd06nnbi000he67wz9doivi6', '2025-07-10 12:45:09.371');
INSERT INTO public."Notification" VALUES ('cmd08nekd003be6qkjebpyubb', 'Service extension request approved', '/dashboard', true, 'cmd06nnbz000ve67wncnv4etg', '2025-07-11 12:45:09.373');
INSERT INTO public."Notification" VALUES ('cmd08nekf003de6qkdayafbv0', 'Document submission deadline approaching', '/dashboard', false, 'cmd06nnbd000de67wb6e6ild5', '2025-07-11 12:45:09.374');
INSERT INTO public."Notification" VALUES ('cmd08nekg003fe6qknn3dwy44', 'New promotion request requires your review', '/dashboard', false, 'cmd06nnbi000he67wz9doivi6', '2025-06-17 12:45:09.376');
INSERT INTO public."Notification" VALUES ('cmd08neki003he6qkwstuiw2r', 'New promotion request requires your review', '/dashboard', true, 'cmd06nnbi000he67wz9doivi6', '2025-07-04 12:45:09.378');
INSERT INTO public."Notification" VALUES ('cmd08nekk003je6qk8i4zinha', 'New promotion request requires your review', '/dashboard', false, 'cmd06nnbx000te67ww4cbaug7', '2025-07-10 12:45:09.38');
INSERT INTO public."Notification" VALUES ('cmd08nekm003le6qkcm0jknsk', 'Document submission deadline approaching', '/dashboard', false, 'cmd06nnbi000he67wz9doivi6', '2025-06-28 12:45:09.382');
INSERT INTO public."Notification" VALUES ('cmd08neko003ne6qk1fyzffeu', 'Complaint investigation update available', '/dashboard', false, 'cmd06nnb50007e67wa5491lw5', '2025-06-25 12:45:09.383');
INSERT INTO public."Notification" VALUES ('cmd08nekq003pe6qkef7cdjcr', 'LWOP request submitted successfully', '/dashboard', false, 'cmd06nnbl000je67wtl28pk42', '2025-06-30 12:45:09.385');
INSERT INTO public."Notification" VALUES ('cmd08nejs002re6qk654ttmj8', 'Service extension request approved', '/dashboard', true, 'cmd06nnbb000be67wwgil78yv', '2025-07-12 12:45:09.352');
INSERT INTO public."Notification" VALUES ('cmd08nekr003re6qk66wj2yk5', 'Service extension request approved', '/dashboard', true, 'cmd06nnbb000be67wwgil78yv', '2025-07-04 12:45:09.387');


--
-- Data for Name: PromotionRequest; Type: TABLE DATA; Schema: public; Owner: postgres
--

INSERT INTO public."PromotionRequest" VALUES ('cmd08neh4000he6qkbpsewsvw', 'APPROVED', 'COMMISSION_REVIEW', 'Education Officer', 'EducationAdvancement', false, '{https://placehold.co/promotion-application.pdf,https://placehold.co/certificates.pdf,https://placehold.co/performance-evaluation.pdf}', NULL, 'emp8', 'cmd06nnbz000ve67wncnv4etg', NULL, '2025-06-22 12:45:09.255', '2025-06-13 12:45:09.255');
INSERT INTO public."PromotionRequest" VALUES ('cmd08neh6000je6qkinyddcfc', 'UNDER_REVIEW', 'COMMISSION_REVIEW', 'Education Officer', 'EducationAdvancement', false, '{https://placehold.co/promotion-application.pdf,https://placehold.co/certificates.pdf,https://placehold.co/performance-evaluation.pdf}', NULL, 'emp1', 'cmd06nnbx000te67ww4cbaug7', 'cmd06nnbn000le67wtg41s3su', '2025-05-30 12:45:09.258', '2025-06-25 12:45:09.258');
INSERT INTO public."PromotionRequest" VALUES ('cmd08neh8000le6qkplwwgysk', 'UNDER_REVIEW', 'HR_REVIEW', 'Senior Administrative Officer', 'Experience', NULL, '{https://placehold.co/promotion-application.pdf,https://placehold.co/certificates.pdf,https://placehold.co/performance-evaluation.pdf}', NULL, 'emp1', 'cmd06nnbu000re67wdeax0fwp', 'cmd06nnb50007e67wa5491lw5', '2025-02-02 12:45:09.26', '2025-07-07 12:45:09.26');
INSERT INTO public."PromotionRequest" VALUES ('cmd08neha000ne6qk3rgcyayt', 'REJECTED', 'COMMISSION_REVIEW', 'Education Officer', 'Experience', NULL, '{https://placehold.co/promotion-application.pdf,https://placehold.co/certificates.pdf,https://placehold.co/performance-evaluation.pdf}', 'Does not meet minimum experience requirements', 'emp1', 'cmd06nnbx000te67ww4cbaug7', 'cmd06nnb50007e67wa5491lw5', '2025-03-22 12:45:09.262', '2025-07-10 12:45:09.262');
INSERT INTO public."PromotionRequest" VALUES ('cmd08nehc000pe6qkqewkapax', 'PENDING', 'INITIAL', 'Senior Education Officer', 'EducationAdvancement', false, '{https://placehold.co/promotion-application.pdf,https://placehold.co/certificates.pdf,https://placehold.co/performance-evaluation.pdf}', NULL, 'emp9', 'cmd06nnbx000te67ww4cbaug7', NULL, '2025-01-10 12:45:09.264', '2025-06-20 12:45:09.264');
INSERT INTO public."PromotionRequest" VALUES ('cmd08nehf000re6qkmx0hg1vs', 'APPROVED', 'FINAL_APPROVAL', 'Administrative Officer', 'Experience', NULL, '{https://placehold.co/promotion-application.pdf,https://placehold.co/certificates.pdf,https://placehold.co/performance-evaluation.pdf}', NULL, 'emp8', 'cmd06nnbu000re67wdeax0fwp', 'cmd06nnbq000ne67wwmiwxuo8', '2025-04-01 12:45:09.266', '2025-06-28 12:45:09.266');
INSERT INTO public."PromotionRequest" VALUES ('cmd08nehj000te6qky2c8qhyl', 'APPROVED', 'HR_REVIEW', 'Principal Administrative Officer', 'EducationAdvancement', true, '{https://placehold.co/promotion-application.pdf,https://placehold.co/certificates.pdf,https://placehold.co/performance-evaluation.pdf}', NULL, 'emp9', 'cmd06nnbz000ve67wncnv4etg', 'cmd06nnbn000le67wtg41s3su', '2025-05-05 12:45:09.271', '2025-07-04 12:45:09.271');
INSERT INTO public."PromotionRequest" VALUES ('cmd08nehm000ve6qk51oyijxo', 'APPROVED', 'INITIAL', 'Senior Administrative Officer', 'EducationAdvancement', true, '{https://placehold.co/promotion-application.pdf,https://placehold.co/certificates.pdf,https://placehold.co/performance-evaluation.pdf}', NULL, 'emp8', 'cmd06nnbx000te67ww4cbaug7', 'cmd06nnbn000le67wtg41s3su', '2025-01-24 12:45:09.273', '2025-07-04 12:45:09.273');
INSERT INTO public."PromotionRequest" VALUES ('cmd08neho000xe6qkoir8piid', 'PENDING', 'COMMISSION_REVIEW', 'Principal Administrative Officer', 'EducationAdvancement', false, '{https://placehold.co/promotion-application.pdf,https://placehold.co/certificates.pdf,https://placehold.co/performance-evaluation.pdf}', NULL, 'emp9', 'cmd06nnbu000re67wdeax0fwp', NULL, '2025-01-26 12:45:09.276', '2025-07-11 12:45:09.276');
INSERT INTO public."PromotionRequest" VALUES ('cmd08nehq000ze6qk2jhu7giy', 'REJECTED', 'FINAL_APPROVAL', 'Senior Administrative Officer', 'EducationAdvancement', true, '{https://placehold.co/promotion-application.pdf,https://placehold.co/certificates.pdf,https://placehold.co/performance-evaluation.pdf}', 'Does not meet minimum experience requirements', 'emp1', 'cmd06nnbu000re67wdeax0fwp', 'cmd059ir10002e6d86l802ljc', '2025-01-01 12:45:09.278', '2025-06-14 12:45:09.278');
INSERT INTO public."PromotionRequest" VALUES ('cmd0xp0h80001e6j41vq5b8z3', 'Approved by Commission', 'completed', 'Grade 1', 'Experience', NULL, '{"Letter of Request","Performance Appraisal (Y1)","Performance Appraisal (Y2)","Performance Appraisal (Y3)","CSC Promotion Form"}', NULL, 'emp_002', 'cmd06nnbn000le67wtg41s3su', 'cmd059ir10002e6d86l802ljc', '2025-07-13 00:26:14.828', '2025-07-13 00:26:59.15');
INSERT INTO public."PromotionRequest" VALUES ('cmd1hhwy40003e6yudjugtg2c', 'Pending HRMO Review', 'initial', 'Afisa Mkuu Daraja la II', 'Experience', NULL, '{"Letter of Request","Performance Appraisal (Y1)","Performance Appraisal (Y2)","Performance Appraisal (Y3)","CSC Promotion Form"}', NULL, 'emp_033', 'cmd06nnbn000le67wtg41s3su', 'cmd059ir10002e6d86l802ljc', '2025-07-13 09:40:35.98', '2025-07-13 09:59:25.111');
INSERT INTO public."PromotionRequest" VALUES ('cmd0wqoye0001e6xfhxw3i2po', 'Approved by Commission', 'completed', 'Senior Manager', 'Experience', NULL, '{performance-appraisal-y1.pdf,performance-appraisal-y2.pdf,performance-appraisal-y3.pdf,csc-form.pdf,letter-of-request.pdf}', NULL, 'emp8', 'cmd06nnbl000je67wtl28pk42', 'cmd059ir10002e6d86l802ljc', '2025-07-12 23:59:33.59', '2025-07-13 00:27:44.997');
INSERT INTO public."PromotionRequest" VALUES ('cmd0wc5vh0003e6m4xfwzv41c', 'Approved by Commission', 'completed', 'daraja la 2', 'Experience', NULL, '{"Letter of Request","Performance Appraisal (Y1)","Performance Appraisal (Y2)","Performance Appraisal (Y3)","CSC Promotion Form"}', NULL, 'emp_002', 'cmd06nnbn000le67wtg41s3su', 'cmd059ir10002e6d86l802ljc', '2025-07-12 23:48:15.677', '2025-07-12 23:51:30.437');
INSERT INTO public."PromotionRequest" VALUES ('cmd1gw8jp0001e6yu3jk0u6ok', 'Approved by Commission', 'completed', 'Afisa Muandamizi', 'Experience', NULL, '{"Letter of Request","Performance Appraisal (Y1)","Performance Appraisal (Y2)","Performance Appraisal (Y3)","CSC Promotion Form"}', NULL, 'emp_004', 'cmd06nnbn000le67wtg41s3su', 'cmd059ir10002e6d86l802ljc', '2025-07-13 09:23:44.57', '2025-07-13 09:32:26.999');
INSERT INTO public."PromotionRequest" VALUES ('cmd1ibta10005e6yu6mvfoxr0', 'Rejected by Commission', 'completed', 'Afisa Mkuu Daraja la I', 'Experience', NULL, '{"Letter of Request","Performance Appraisal (Y1)","Performance Appraisal (Y2)","Performance Appraisal (Y3)","CSC Promotion Form"}', NULL, 'emp_003', 'cmd06nnbn000le67wtg41s3su', 'cmd059ir10002e6d86l802ljc', '2025-07-13 10:03:50.905', '2025-07-13 11:07:41.459');


--
-- Data for Name: ResignationRequest; Type: TABLE DATA; Schema: public; Owner: postgres
--

INSERT INTO public."ResignationRequest" VALUES ('cmd08neir001ve6qkwtv3he8d', 'UNDER_REVIEW', 'HR_REVIEW', '2025-10-26 12:45:09.314', 'Better opportunity', '{https://placehold.co/resignation-letter.pdf,https://placehold.co/handover-plan.pdf}', NULL, 'emp8', 'cmd06nnbu000re67wdeax0fwp', 'cmd06nnbn000le67wtg41s3su', '2025-07-10 12:45:09.314', '2025-07-07 12:45:09.314');
INSERT INTO public."ResignationRequest" VALUES ('cmd08neit001xe6qkt6mh4rha', 'APPROVED', 'DIRECTOR_REVIEW', '2025-10-20 12:45:09.317', 'Better opportunity', '{https://placehold.co/resignation-letter.pdf,https://placehold.co/handover-plan.pdf}', NULL, 'emp9', 'cmd06nnbu000re67wdeax0fwp', 'cmd059ir10002e6d86l802ljc', '2025-07-11 12:45:09.317', '2025-06-26 12:45:09.317');
INSERT INTO public."ResignationRequest" VALUES ('cmd08neiw001ze6qkxdo0hjsz', 'APPROVED', 'FINAL_APPROVAL', '2025-08-22 12:45:09.319', 'Relocation', '{https://placehold.co/resignation-letter.pdf,https://placehold.co/handover-plan.pdf}', NULL, 'emp8', 'cmd06nnbx000te67ww4cbaug7', NULL, '2025-06-29 12:45:09.319', '2025-06-27 12:45:09.319');
INSERT INTO public."ResignationRequest" VALUES ('cmd1xkh870005e60yqmzidokb', 'Pending HRMO/HHRMD Acknowledgement', 'initial', '2025-07-26 00:00:00', 'amechoka kazi', '{"Letter of Request","3 Month Notice/Receipt"}', NULL, 'emp_003', 'cmd06nnbn000le67wtg41s3su', NULL, '2025-07-13 17:10:29.432', '2025-07-13 17:23:51.158');
INSERT INTO public."ResignationRequest" VALUES ('cmd1y4a2z0007e60yqt4rschk', 'Pending HRMO Acknowledgement', 'initial', '2025-08-01 00:00:00', '', '{"Letter of Request","3 Month Notice/Receipt"}', NULL, 'emp_003', 'cmd06nnbn000le67wtg41s3su', NULL, '2025-07-13 17:25:53.291', '2025-07-13 17:25:53.291');


--
-- Data for Name: RetirementRequest; Type: TABLE DATA; Schema: public; Owner: postgres
--

INSERT INTO public."RetirementRequest" VALUES ('cmd08neih001ne6qkhk4nrulr', 'PENDING', 'INITIAL', 'illness', 'Chronic medical condition affecting work performance', '2026-05-29 12:45:09.304', NULL, '{https://placehold.co/retirement-application.pdf,https://placehold.co/medical-report.pdf}', NULL, 'emp8', 'cmd06nnbx000te67ww4cbaug7', 'cmd06nnbn000le67wtg41s3su', '2025-05-14 12:45:09.304', '2025-07-01 12:45:09.304');
INSERT INTO public."RetirementRequest" VALUES ('cmd08neik001pe6qk9h3bcyji', 'REJECTED', 'INITIAL', 'compulsory', NULL, '2025-09-02 12:45:09.308', NULL, '{https://placehold.co/retirement-application.pdf,https://placehold.co/service-record.pdf}', 'Retirement date does not meet service requirements', 'emp9', 'cmd06nnbx000te67ww4cbaug7', NULL, '2025-06-13 12:45:09.308', '2025-07-11 12:45:09.308');
INSERT INTO public."RetirementRequest" VALUES ('cmd08neim001re6qkuubvcrzy', 'PENDING', 'FINAL_APPROVAL', 'compulsory', NULL, '2025-08-29 12:45:09.31', NULL, '{https://placehold.co/retirement-application.pdf,https://placehold.co/service-record.pdf}', NULL, 'emp9', 'cmd06nnbz000ve67wncnv4etg', NULL, '2025-05-22 12:45:09.31', '2025-06-23 12:45:09.31');
INSERT INTO public."RetirementRequest" VALUES ('cmd08neio001te6qkvci4itnj', 'REJECTED', 'INITIAL', 'illness', 'Chronic medical condition affecting work performance', '2026-04-21 12:45:09.312', NULL, '{https://placehold.co/retirement-application.pdf,https://placehold.co/medical-report.pdf}', 'Retirement date does not meet service requirements', 'emp1', 'cmd06nnbz000ve67wncnv4etg', 'cmd06nnbq000ne67wwmiwxuo8', '2025-07-07 12:45:09.312', '2025-06-23 12:45:09.312');
INSERT INTO public."RetirementRequest" VALUES ('cmd1wvn0d0001e6jfo0kn9zbe', 'Pending HRMO Review', 'initial', 'compulsory', NULL, '2046-10-08 00:00:00', NULL, '{"Letter of Request","Birth Certificate Copy (or equivalent)"}', NULL, 'emp_004', 'cmd06nnbn000le67wtg41s3su', NULL, '2025-07-13 16:51:10.525', '2025-07-13 16:51:10.525');
INSERT INTO public."RetirementRequest" VALUES ('cmd1xggf30001e60yfrzv82fj', 'Pending HRMO/HHRMD Review', 'initial', 'voluntary', NULL, '2042-08-13 00:00:00', NULL, '{"Letter of Request","Service Record Summary"}', NULL, 'emp_001', 'cmd06nnbn000le67wtg41s3su', NULL, '2025-07-13 17:07:21.76', '2025-07-13 17:07:21.76');
INSERT INTO public."RetirementRequest" VALUES ('cmd1xinoe0003e60yjd1svxu0', 'Pending HRMO/HHRMD Review', 'initial', 'illness', 'ugonjwa wa stroke', '2027-06-18 00:00:00', NULL, '{"Letter of Request","Medical Form","Leave Due to Illness Letter"}', NULL, 'emp_003', 'cmd06nnbn000le67wtg41s3su', NULL, '2025-07-13 17:09:04.479', '2025-07-13 17:09:04.479');


--
-- Data for Name: SeparationRequest; Type: TABLE DATA; Schema: public; Owner: postgres
--

INSERT INTO public."SeparationRequest" VALUES ('cmd08nej50027e6qkjewf103l', 'DISMISSAL', 'APPROVED', 'FINAL_APPROVAL', 'Misconduct', '{https://placehold.co/separation-notice.pdf,https://placehold.co/investigation-report.pdf}', NULL, 'emp8', 'cmd06nnbs000pe67woh62ey8r', 'cmd06nnbq000ne67wwmiwxuo8', '2025-06-18 12:45:09.329', '2025-07-04 12:45:09.329');
INSERT INTO public."SeparationRequest" VALUES ('cmd08nej90029e6qka900uy17', 'DISMISSAL', 'PENDING', 'DIRECTOR_REVIEW', 'Redundancy', '{https://placehold.co/separation-notice.pdf,https://placehold.co/investigation-report.pdf}', NULL, 'emp8', 'cmd06nnbn000le67wtg41s3su', 'cmd06nnbs000pe67woh62ey8r', '2025-07-11 12:45:09.332', '2025-07-12 12:45:09.332');
INSERT INTO public."SeparationRequest" VALUES ('cmd1yzff20001e64rye8l1b40', 'TERMINATION', 'Pending DO/HHRMD Review', 'initial', 'Performance issues leading to termination', '{"Letter of Request"}', NULL, 'emp_003', 'cmd06nnbn000le67wtg41s3su', NULL, '2025-07-13 17:50:06.542', '2025-07-13 17:50:06.542');
INSERT INTO public."SeparationRequest" VALUES ('cmd1z9w5s0001e6o733qfcck0', 'DISMISSAL', 'Pending DO/HHRMD Review', 'initial', 'hapendi kazi', '{"Letter of Request","Supporting Document for Dismissal"}', NULL, 'emp_005', 'cmd06nnbn000le67wtg41s3su', NULL, '2025-07-13 17:58:14.8', '2025-07-13 17:58:14.8');
INSERT INTO public."SeparationRequest" VALUES ('cmd1zj0bs0003e6o720c9i7ny', 'TERMINATION', 'Pending DO/HHRMD Review', 'initial', 'Poor performance during probation period', '{"Letter of Request","Supporting Document for Termination"}', NULL, 'emp_003', 'cmd06nnbn000le67wtg41s3su', NULL, '2025-07-13 18:05:20.104', '2025-07-13 18:05:20.104');
INSERT INTO public."SeparationRequest" VALUES ('cmd1zlcvx0005e6o7eye8ukb7', 'DISMISSAL', 'Pending DO/HHRMD Review', 'initial', 'Serious misconduct and violation of company policies leading to dismissal', '{"Letter of Request","Misconduct Evidence & Investigation Report","Summon Notice/Invitation Letter","Suspension Letter"}', NULL, 'emp_001', 'cmd06nnbn000le67wtg41s3su', NULL, '2025-07-13 18:07:09.694', '2025-07-13 18:07:09.694');


--
-- Data for Name: ServiceExtensionRequest; Type: TABLE DATA; Schema: public; Owner: postgres
--

INSERT INTO public."ServiceExtensionRequest" VALUES ('cmd08neiy0021e6qkih2j9cxo', 'REJECTED', 'INITIAL', '2025-12-24 12:45:09.322', '6 months', 'Expertise shortage', '{https://placehold.co/extension-application.pdf,https://placehold.co/justification-report.pdf}', 'Extension not supported by institutional policy', 'emp1', 'cmd06nnbu000re67wdeax0fwp', NULL, '2025-06-02 12:45:09.322', '2025-06-28 12:45:09.322');
INSERT INTO public."ServiceExtensionRequest" VALUES ('cmd08nej10023e6qkp5874720', 'UNDER_REVIEW', 'COMMISSION_REVIEW', '2026-01-10 12:45:09.324', '6 months', 'Expertise shortage', '{https://placehold.co/extension-application.pdf,https://placehold.co/justification-report.pdf}', NULL, 'emp1', 'cmd06nnbx000te67ww4cbaug7', NULL, '2025-06-08 12:45:09.324', '2025-07-02 12:45:09.324');
INSERT INTO public."ServiceExtensionRequest" VALUES ('cmd08nej30025e6qkyocw002b', 'REJECTED', 'DIRECTOR_REVIEW', '2025-09-16 12:45:09.326', '1 year', 'Knowledge transfer requirements', '{https://placehold.co/extension-application.pdf,https://placehold.co/justification-report.pdf}', 'Extension not supported by institutional policy', 'emp1', 'cmd06nnbu000re67wdeax0fwp', 'cmd06nnbn000le67wtg41s3su', '2025-06-21 12:45:09.326', '2025-07-06 12:45:09.326');
INSERT INTO public."ServiceExtensionRequest" VALUES ('cmd1y7rt50009e60yo3cjaeu3', 'Pending HRMO/HHRMD Review', 'initial', '2025-07-19 00:00:00', '1 year', 'kuna uhitaji', '{"Letter of Request","Employee Consent Letter"}', NULL, 'emp_003', 'cmd06nnbn000le67wtg41s3su', NULL, '2025-07-13 17:28:36.233', '2025-07-13 17:34:20.329');


--
-- Data for Name: _prisma_migrations; Type: TABLE DATA; Schema: public; Owner: postgres
--

INSERT INTO public._prisma_migrations VALUES ('b1ba5234-55f8-49fa-a466-bcf422350cf8', '8b90d734916a16adcd1b780376de915ef99c147a1980c256f91110d307c710d5', '2025-07-12 13:50:50.994267+03', '20250712105050_init', NULL, NULL, '2025-07-12 13:50:50.881771+03', 1);


--
-- PostgreSQL database dump complete
--

